code NSF;code scolarité;sigle type formation;libellé type formation;libellé formation principal;sigle formation;durée;niveau de sortie indicatif;code RNCP;niveau de certification;libellé niveau de certification;tutelle;URL et ID Onisep;domaine/sous-domaine;date création;date de modification
314;46E31401;;formation d'école spécialisée;assistant de comptabilité et d'administration en PME/TPE;;1 an;bac ou équivalent;38506;4;niveau 4;non renseigné;https://www.onisep.fr/http/redirection/formation/slug/FOR.9720;gestion des entreprises, comptabilité/administration de l'entreprise | gestion des entreprises, comptabilité/comptabilité | gestion des entreprises, comptabilité/secrétariat;25/01/2024;22/04/2024
201;25020150;;licence professionnelle;licence pro mention métiers de l'industrie : conception et amélioration de processus et procédés industriels;;1 an;bac + 3;40815;2;niveau 6;Ministère de l'Enseignement supérieur et de la Recherche;https://www.onisep.fr/http/redirection/formation/slug/FOR.11574;matières premières, fabrication, industries/génie industriel;27/06/2025;20/10/2025
326;;mastère spé.;mastère spécialisé;mastère spé. manager en ingénierie numérique de produits et de bâtiments;INGENUM;1 an;bac + 6;;0;non inscrit au RNCP;non renseigné;https://www.onisep.fr/http/redirection/formation/slug/FOR.3994;électricité, électronique, robotique/électrotechnique | construction, architecture, travaux publics/équipement technique | matières premières, fabrication, industries/fonction production (généralités) | matières premières, fabrication, industries/génie industriel;06/06/2020;17/05/2024
313;;;formation d'école spécialisée;diplôme de finance;;3 ans;bac + 3;41197;2;niveau 6;non renseigné;https://www.onisep.fr/http/redirection/formation/slug/FOR.12221;gestion des entreprises, comptabilité/administration de l'entreprise | banque, assurances, immobilier/finances;28/11/2025;28/11/2025
240 | 242 | 312;13524001;;master;master mention mode;;2 ans;bac + 5;39198;1;niveau 7;Ministère de l'Enseignement supérieur et de la Recherche;https://www.onisep.fr/http/redirection/formation/slug/FOR.10459;arts, culture, artisanat/arts graphiques | matières premières, fabrication, industries/textile, habillement;30/08/2024;18/06/2025
;;CPI;cycle préparatoire intégré;cycle préparatoire intégré de JUNIA HEI (associé avec le Lycée La Salle de Lille) - prépa associée PCSI-PC;JUNIA HEI;2 ans;bac + 2;;0;non inscrit au RNCP;non renseigné;https://www.onisep.fr/http/redirection/formation/slug/FOR.10554;sciences/chimie | matières premières, fabrication, industries/génie industriel | sciences/physique;01/10/2024;26/09/2025
310;1353103T;;master;master mention innovation, entreprise et société;;2 ans;bac + 5;41077;1;niveau 7;Ministère de l'Enseignement supérieur et de la Recherche;https://www.onisep.fr/http/redirection/formation/slug/FOR.11881;gestion des entreprises, comptabilité/administration de l'entreprise | matières premières, fabrication, industries/fonction production (généralités) | histoire-géographie, psychologie, sociologie/sciences humaines et sociales (généralités);23/09/2025;23/09/2025
110;;CPI;cycle préparatoire intégré;cursus préparatoire ingénieur intégré Sup Galilée - filière technologique;Sup Galilée;3 ans;bac + 3;;0;non inscrit au RNCP;non renseigné;https://www.onisep.fr/http/redirection/formation/slug/FOR.12731;environnement, énergies, propreté/énergies | informatique, Internet/informatique (généralités) | électricité, électronique, robotique/télécommunications;18/06/2026;18/06/2026
128;;;formation d'école spécialisée;sciences sociales et économiques spécialité géopolitique et sécurité internationale;;2 ans;bac + 5;;0;non inscrit au RNCP;non renseigné;https://www.onisep.fr/http/redirection/formation/slug/FOR.5508;économie, droit, politique/sciences politiques | armée, sécurité/sécurité, prévention;06/06/2020;02/07/2024
311;56T31105;TP;titre professionnel;TP cariste d'entrepôt;;1 an;CAP ou équivalent;40499;5;niveau 3;Ministère du travail, de l'emploi et du dialogue social;https://www.onisep.fr/http/redirection/formation/slug/FOR.11779;mécanique/automatismes | logistique, transport/logistique;28/08/2025;16/12/2025
330;56T33001;TP;titre professionnel;TP assistant de vie aux familles;;1 an;CAP ou équivalent;37715;5;niveau 3;Ministère du travail, de l'emploi et du dialogue social;https://www.onisep.fr/http/redirection/formation/slug/FOR.9232;santé, social, sport/paramédical | santé, social, sport/travail social;02/10/2023;05/11/2025
340;;FCIL;formation complémentaire d'initiative locale;FCIL préparation aux concours administratifs catégorie C et compléments de formation aux métiers administratifs;;1 an;bac + 1;;0;non inscrit au RNCP;non renseigné;https://www.onisep.fr/http/redirection/formation/slug/FOR.3463;économie, droit, politique/sciences politiques | gestion des entreprises, comptabilité/secrétariat;06/06/2020;02/05/2024
324;;FCIL;formation complémentaire d'initiative locale;FCIL assistant secrétaire administratif dans les collectivités territoriales;;1 an;bac + 1;;0;non inscrit au RNCP;non renseigné;https://www.onisep.fr/http/redirection/formation/slug/FOR.11573;économie, droit, politique/sciences politiques | gestion des entreprises, comptabilité/secrétariat;26/06/2025;26/06/2025
326;16X32677;;formation d'école spécialisée;consultant en assistance à maîtrise d'ouvrage informatique;AMOA;2 ans;bac + 5;41879;1;niveau 7;non renseigné;https://www.onisep.fr/http/redirection/formation/slug/FOR.12478;informatique, Internet/développement, programmation, logiciel | informatique, Internet/systèmes et réseaux;24/02/2026;18/05/2026
;;;licence;licence mention chimie, sciences de la vie;;3 ans;bac + 3;;2;niveau 6;Ministère de l'Enseignement supérieur et de la Recherche;https://www.onisep.fr/http/redirection/formation/slug/FOR.6873;sciences/biologie | sciences/chimie;05/02/2021;12/03/2026
335;33633502;DEJEPS;diplôme d'État de la jeunesse, de l'éducation populaire et du sport;DEJEPS spécialité perfectionnement sportif mention escalade;;2 ans;bac + 2;38890;3;niveau 5;Ministère chargé des sports;https://www.onisep.fr/http/redirection/formation/slug/FOR.9980;santé, social, sport/sport;09/04/2024;10/03/2026
312;50031222;CAP;certificat d'aptitude professionnelle;CAP primeur;;2 ans;CAP ou équivalent;37604;5;niveau 3;Ministère chargé de l'Éducation nationale;https://www.onisep.fr/http/redirection/formation/slug/FOR.2725;commerce, marketing, vente/grande distribution et petits commerces;06/06/2020;04/06/2026
323;16X32301;;formation d'école spécialisée;réalisateur animation 3D;;2 ans;bac + 5;39861;1;niveau 7;non renseigné;https://www.onisep.fr/http/redirection/formation/slug/FOR.11043;arts, culture, artisanat/arts graphiques | information-communication, audiovisuel/audiovisuel | information-communication, audiovisuel/multimédia;29/01/2025;04/04/2025
315;26X31528;;formation d'école spécialisée;responsable en gestion des ressources humaines (Ecoris);;1 an;bac + 3;41770;2;niveau 6;non renseigné;https://www.onisep.fr/http/redirection/formation/slug/FOR.12337;gestion des entreprises, comptabilité/administration de l'entreprise | économie, droit, politique/droit social | gestion des entreprises, comptabilité/ressources humaines;13/01/2026;24/06/2026
225;32022506;BTS;brevet de technicien supérieur;BTS europlastics et composites option pilotage et optimisation de la production;;2 ans;bac + 2;38416;3;niveau 5;Ministère chargé de l'Éducation nationale;https://www.onisep.fr/http/redirection/formation/slug/FOR.5824;matières premières, fabrication, industries/céramique, composites | matières premières, fabrication, industries/fabrication, productique | matières premières, fabrication, industries/plasturgie;06/06/2020;16/06/2026
134;;;formation d'école spécialisée;bachelor illustration;;3 ans;bac + 3;;0;non inscrit au RNCP;non renseigné;https://www.onisep.fr/http/redirection/formation/slug/FOR.7484;arts, culture, artisanat/arts graphiques;10/02/2022;02/07/2024
242;46M24202;BTM;brevet technique des métiers;BTM tapissier décorateur option couture;;2 ans;bac ou équivalent;41091;4;niveau 4;Chambres de métiers et de l'artisanat;https://www.onisep.fr/http/redirection/formation/slug/FOR.11981;arts, culture, artisanat/artisanat d'art;01/10/2025;14/10/2025
333;;;préparation à l'agrégation;préparation à l'agrégation de langues vivantes étrangères option néerlandais;;1 an;bac + 5;;0;non inscrit au RNCP;non renseigné;https://www.onisep.fr/http/redirection/formation/slug/FOR.5753;lettres, langues, enseignement/enseignement | lettres, langues, enseignement/langues;06/06/2020;01/09/2025
255;;FCIL;formation complémentaire d'initiative locale;FCIL maintenance des équipements audiovisuels et électroménagers;;1 an;bac + 1;;0;non inscrit au RNCP;non renseigné;https://www.onisep.fr/http/redirection/formation/slug/FOR.4437;électricité, électronique, robotique/électronique | électricité, électronique, robotique/électrotechnique | matières premières, fabrication, industries/maintenance, qualité;06/06/2020;14/06/2024
310;43031016;;classe de 1re technologique;classe de 1re STMG sciences et technologies du management et de la gestion;STMG;1 an;1re;;0;non inscrit au RNCP;Ministère chargé de l'Éducation nationale;https://www.onisep.fr/http/redirection/formation/slug/FOR.3562;gestion des entreprises, comptabilité/administration de l'entreprise;06/06/2020;29/05/2026
200;;CPI;cycle préparatoire intégré;cycle préparatoire intégré de l'École supérieure d'informatique,  électronique, automatique;ESIEA;2 ans;bac + 2;;0;non inscrit au RNCP;non renseigné;https://www.onisep.fr/http/redirection/formation/slug/FOR.7851;gestion des entreprises, comptabilité/administration de l'entreprise | électricité, électronique, robotique/électronique | informatique, Internet/informatique (généralités) | sciences/mathématiques | sciences/physique | informatique, Internet/systèmes et réseaux;05/07/2022;07/07/2025
311 | 310;;;formation d'école spécialisée;responsable logistique de l'action humanitaire;;1 an;bac + 3;35656;2;niveau 6;non renseigné;https://www.onisep.fr/http/redirection/formation/slug/FOR.7079;logistique, transport/logistique | santé, social, sport/travail social;24/06/2021;24/02/2025
250 | 201 | 251;17025018;;diplôme d'ingénieur;diplôme d'ingénieur ENSIL-ENSCI de l'université de Limoges spécialité mécatronique;ENSIL-ENSCI;3 ans;bac + 5;36536;1;niveau 7;Ministère de l'Enseignement supérieur et de la Recherche;https://www.onisep.fr/http/redirection/formation/slug/FOR.7987;mécanique/aéronautique | mécanique/automatismes | électricité, électronique, robotique/électronique | matières premières, fabrication, industries/études et développement | matières premières, fabrication, industries/fonction production (généralités) | informatique, Internet/informatique (généralités) | mécanique/mécanique (généralités);21/07/2022;09/04/2026
233;;;formation d'école spécialisée;designer en espaces intérieurs;;3 ans;bac + 3;41357;2;niveau 6;non renseigné;https://www.onisep.fr/http/redirection/formation/slug/FOR.12243;arts, culture, artisanat/arts appliqués;05/12/2025;02/03/2026
340;;;préparation aux concours de la fonction publique;préparation aux concours de catégorie C de la fonction publique;;1 an;non renseigné;;0;non inscrit au RNCP;non renseigné;https://www.onisep.fr/http/redirection/formation/slug/FOR.1261;lettres, langues, enseignement/formations généralistes;06/06/2020;13/06/2025
;;CPI;cycle préparatoire intégré;premier cycle INSA post bac général - STPI sciences et technologies pour l'ingénieur de l'INSA Rouen Normandie;INSA Rouen;2 ans;bac + 2;;0;non inscrit au RNCP;non renseigné;https://www.onisep.fr/http/redirection/formation/slug/FOR.8172;sciences/chimie | environnement, énergies, propreté/énergies | informatique, Internet/informatique (généralités) | sciences/mathématiques | mécanique/mécanique (généralités) | information-communication, audiovisuel/technologies de l'information;26/10/2022;02/05/2024
326;;;formation d'école spécialisée;bachelor développeur web;;3 ans;bac + 3;;0;non inscrit au RNCP;non renseigné;https://www.onisep.fr/http/redirection/formation/slug/FOR.8092;informatique, Internet/développement, programmation, logiciel | information-communication, audiovisuel/multimédia;08/09/2022;06/01/2025
310 | 314 | 312;16531015;;diplôme d'école de commerce visé de niveau bac + 4 ou 5;diplôme du programme grande école en management et gestion des entreprises de l'ESDES;;5 ans;bac + 5;36271;1;niveau 7;Ministère de l'Enseignement supérieur et de la Recherche;https://www.onisep.fr/http/redirection/formation/slug/FOR.1248;gestion des entreprises, comptabilité/administration de l'entreprise | commerce, marketing, vente/marketing, vente;06/06/2020;15/06/2026
128;;;préparation aux concours de la fonction publique;classe prépa talents de l'Ecole nationale de la magistrature;;1 an;bac + 5;;0;non inscrit au RNCP;Ministère de la Justice;https://www.onisep.fr/http/redirection/formation/slug/FOR.2045;économie, droit, politique/activité judiciaire;06/06/2020;24/06/2026
310;16X31063;mastère spé.;mastère spécialisé;mastère spé. transformation digitale, marketing et stratégie;;1 an;bac + 6;36864;1;niveau 7;non renseigné;https://www.onisep.fr/http/redirection/formation/slug/FOR.2959;commerce, marketing, vente/marketing, vente | information-communication, audiovisuel/multimédia;06/06/2020;27/02/2024
332;;;classe de mise à niveau post bac;préparation à l'entrée dans les formations sociales (niveau post bac);;1 an;bac + 1;;0;non inscrit au RNCP;Ministère de l'Enseignement supérieur et de la Recherche;https://www.onisep.fr/http/redirection/formation/slug/FOR.331;santé, social, sport/travail social;06/06/2020;25/11/2025
131;;DU;diplôme d'université;DU études françaises contemporaines;;1 an;bac + 1;;0;non inscrit au RNCP;non renseigné;https://www.onisep.fr/http/redirection/formation/slug/FOR.3832;lettres, langues, enseignement/langues;06/06/2020;27/09/2024
115;13511517;;master;master mention physique fondamentale et applications;;2 ans;bac + 5;38994;1;niveau 7;Ministère de l'Enseignement supérieur et de la Recherche;https://www.onisep.fr/http/redirection/formation/slug/FOR.10202;sciences/physique;24/06/2024;07/10/2024
242;;FCIL;formation complémentaire d'initiative locale;FCIL tailleur homme;;1 an;bac + 1;;0;non inscrit au RNCP;non renseigné;https://www.onisep.fr/http/redirection/formation/slug/FOR.2816;matières premières, fabrication, industries/textile, habillement;06/06/2020;02/05/2024
211;46321109;CS;certificat de spécialisation (agriculture);CS conduite de productions en arboriculture fruitière;;1 an;bac + 1;38875;4;niveau 4;Ministère de l'agriculture, de l'agro-alimentaire et de la souveraineté alimentaire;https://www.onisep.fr/http/redirection/formation/slug/FOR.9776;agriculture, animaux/cultures;05/02/2024;07/01/2026
310;16X31059;mastère spé.;mastère spécialisé;mastère spé. management global des achats et de la Supply Chain;MASC;1 an;bac + 6;36391;1;niveau 7;non renseigné;https://www.onisep.fr/http/redirection/formation/slug/FOR.7615;commerce, marketing, vente/achat, approvisionnement | logistique, transport/logistique;05/04/2022;02/05/2024
326;;;classe de mise à niveau post bac;année préparatoire arts 2D 3D;;1 an;bac + 1;;0;non inscrit au RNCP;non renseigné;https://www.onisep.fr/http/redirection/formation/slug/FOR.1831;arts, culture, artisanat/arts graphiques | information-communication, audiovisuel/multimédia;06/06/2020;29/10/2024
343;13534336;;master;master mention gestion de l'environnement;;2 ans;bac + 5;39184;1;niveau 7;Ministère de l'Enseignement supérieur et de la Recherche;https://www.onisep.fr/http/redirection/formation/slug/FOR.10346;environnement, énergies, propreté/aménagement du territoire | sciences/biologie | économie, droit, politique/droit appliqué | environnement, énergies, propreté/environnement (généralités) | matières premières, fabrication, industries/génie industriel | environnement, énergies, propreté/protection des espaces naturels;19/07/2024;30/08/2024
117 | 113;1701170D;;diplôme d'ingénieur spécialisé (ingénieur diplômé de l'année de spécialisation);diplôme d'ingénieur spécialisé en technologies du sous-sol pour des énergies durables de l'École nationale supérieure du pétrole et des moteurs;ENSPM;1 an;bac + 5;40767;1;niveau 7;Ministère de l'Enseignement supérieur et de la Recherche;https://www.onisep.fr/http/redirection/formation/slug/FOR.11801;environnement, énergies, propreté/énergies | environnement, énergies, propreté/environnement (généralités) | informatique, Internet/systèmes et réseaux;03/09/2025;05/01/2026
233;16X23308;;formation d'école spécialisée;architecte d'intérieur (CREAD);;5 ans;bac + 5;38522;1;niveau 7;non renseigné;https://www.onisep.fr/http/redirection/formation/slug/FOR.9789;arts, culture, artisanat/arts appliqués;06/02/2024;19/04/2024
136;;DU;diplôme d'université;DU diplôme intensif de l'Institut national des langues et civilisations orientales (INALCO);;1 an;bac + 1;;0;non inscrit au RNCP;non renseigné;https://www.onisep.fr/http/redirection/formation/slug/FOR.4565;lettres, langues, enseignement/langues;06/06/2020;06/02/2024
110;;;classe de mise à niveau post bac;formation générale scientifique en sciences et techniques;FGS ST;1 an;bac + 1;;0;non inscrit au RNCP;non renseigné;https://www.onisep.fr/http/redirection/formation/slug/FOR.2696;sciences/chimie | informatique, Internet/informatique (généralités) | sciences/mathématiques | sciences/physique;06/06/2020;17/12/2025
323 | 322 | 132;46032301;DU;diplôme d'université;DU diplôme de spécialisation professionnelle Assistant designer graphique multimédia;DSP;1 an;bac + 1;37207;4;niveau 4;non renseigné;https://www.onisep.fr/http/redirection/formation/slug/FOR.7531;arts, culture, artisanat/arts graphiques | information-communication, audiovisuel/communication | information-communication, audiovisuel/multimédia;22/02/2022;03/06/2024
211;46M21101;BTM;brevet technique des métiers;BTM fleuriste;;2 ans;bac ou équivalent;36404;4;niveau 4;Chambres de métiers et de l'artisanat;https://www.onisep.fr/http/redirection/formation/slug/FOR.8128;commerce, marketing, vente/grande distribution et petits commerces | commerce, marketing, vente/marketing, vente;16/09/2022;28/09/2022
200;17020053;;diplôme d'ingénieur;diplôme d'ingénieur de l'École nationale supérieure en génie des systèmes et de l'innovation de l'université de Lorraine en partenariat avec l'ITII Lorraine;ENSGSI;3 ans;bac + 5;37543;1;niveau 7;Ministère de l'Enseignement supérieur et de la Recherche;https://www.onisep.fr/http/redirection/formation/slug/FOR.10226;sciences/chimie | électricité, électronique, robotique/électrotechnique | environnement, énergies, propreté/énergies | environnement, énergies, propreté/environnement (généralités) | matières premières, fabrication, industries/fabrication, productique | matières premières, fabrication, industries/fonction production (généralités) | matières premières, fabrication, industries/génie industriel | informatique, Internet/informatique (généralités) | matières premières, fabrication, industries/maintenance, qualité | matières premières, fabrication, industries/matériaux | sciences/mathématiques | mécanique/mécanique (généralités) | santé, social, sport/médical | matières premières, fabrication, industries/méthodes industrialisation | armée, sécurité/sécurité, prévention;26/06/2024;16/10/2025
;;FCIL;formation complémentaire d'initiative locale;FCIL motoriste;;1 an;CAP ou équivalent + 1 an;;0;non inscrit au RNCP;non renseigné;https://www.onisep.fr/http/redirection/formation/slug/FOR.9884;mécanique/automobile | mécanique/mécanique (généralités);28/02/2024;02/05/2024
134;;;formation d'école spécialisée;bachelor animation 3D;;3 ans;bac + 3;;0;non inscrit au RNCP;non renseigné;https://www.onisep.fr/http/redirection/formation/slug/FOR.3040;arts, culture, artisanat/arts graphiques;06/06/2020;13/11/2024
251 | 250 | 200;17025125;;diplôme d'ingénieur;diplôme d'ingénieur de l'École polytechnique universitaire de l'université de Tours spécialité mécanique et génie mécanique en partenariat avec l'ITII Val de Loire;Polytech;3 ans;bac + 5;40020;1;niveau 7;Ministère de l'Enseignement supérieur et de la Recherche;https://www.onisep.fr/http/redirection/formation/slug/FOR.6833;matières premières, fabrication, industries/matériaux | mécanique/mécanique (généralités);27/01/2021;12/05/2026
128;;DU;diplôme d'université;DU collège de droit - Approches fondamentales du droit;;1 an;bac + 1;;0;non inscrit au RNCP;non renseigné;https://www.onisep.fr/http/redirection/formation/slug/FOR.327;économie, droit, politique/droit (généralités);06/06/2020;02/02/2023
200;26X20003;;formation d'école spécialisée;responsable amélioration continue en industrie;;1 an;bac + 3;41439;2;niveau 6;non renseigné;https://www.onisep.fr/http/redirection/formation/slug/FOR.12193;matières premières, fabrication, industries/génie industriel;20/11/2025;03/12/2025
111;26511101;;bachelor en sciences et ingénierie;bachelor en sciences et ingénierie - plasturgie et écologie industrielle;INSA Lyon;3 ans;bac + 3;42299;2;niveau 6;Ministère de l'Enseignement supérieur et de la Recherche;https://www.onisep.fr/http/redirection/formation/slug/FOR.10867;environnement, énergies, propreté/déchets, pollutions et risques | environnement, énergies, propreté/environnement (généralités) | matières premières, fabrication, industries/méthodes industrialisation | matières premières, fabrication, industries/plasturgie | armée, sécurité/sécurité, prévention;17/12/2024;15/06/2026
326 | 114;17032610;;diplôme d'ingénieur;diplôme d'ingénieur de Télécom SudParis de l'Institut Mines-Télécom spécialité informatique et réseaux;IMT;3 ans;bac + 5;41155;1;niveau 7;Ministère de l'Enseignement supérieur et de la Recherche;https://www.onisep.fr/http/redirection/formation/slug/FOR.11948;informatique, Internet/informatique (généralités) | information-communication, audiovisuel/multimédia | informatique, Internet/systèmes et réseaux | électricité, électronique, robotique/télécommunications;25/09/2025;26/06/2026
;;;formation d'école spécialisée;cycle pluridisciplinaire d'études supérieures - sciences des données, environnement et gestion des ressources naturelles;CPES;3 ans;bac + 3;;2;niveau 6;non renseigné;https://www.onisep.fr/http/redirection/formation/slug/FOR.11345;environnement, énergies, propreté/environnement (généralités) | informatique, Internet/informatique (généralités) | sciences/mathématiques | économie, droit, politique/sciences économiques;23/04/2025;20/03/2026
331;;;autre formation en santé;diplôme d'ostéopathe;;5 ans;bac + 5;;1;niveau 7;Ministère des Solidarités et de la Santé;https://www.onisep.fr/http/redirection/formation/slug/FOR.2034;santé, social, sport/paramédical;06/06/2020;15/11/2024
312 | 128 | 310 | 313;16531204;;diplôme d'école de commerce visé de niveau bac + 4 ou 5;diplôme du programme grande école de l'EDHEC;;3 ans;bac + 5;41040;1;niveau 7;Ministère de l'Enseignement supérieur et de la Recherche;https://www.onisep.fr/http/redirection/formation/slug/FOR.11743;gestion des entreprises, comptabilité/administration de l'entreprise | commerce, marketing, vente/commerce international | banque, assurances, immobilier/finances;30/07/2025;22/10/2025
233;56T23304;TP;titre professionnel;TP plaquiste;;1 an;CAP ou équivalent;37122;5;niveau 3;Ministère du travail, de l'emploi et du dialogue social;https://www.onisep.fr/http/redirection/formation/slug/FOR.8700;construction, architecture, travaux publics/finition | construction, architecture, travaux publics/plâtrerie;17/03/2023;26/02/2024
200 | 343 | 300;16X20010;;formation d'école spécialisée;manager qualité hygiène sécurité environnement;;2 ans;bac + 5;41413;1;niveau 7;non renseigné;https://www.onisep.fr/http/redirection/formation/slug/FOR.12191;environnement, énergies, propreté/déchets, pollutions et risques | environnement, énergies, propreté/environnement (généralités) | matières premières, fabrication, industries/maintenance, qualité | environnement, énergies, propreté/propreté | armée, sécurité/sécurité, prévention;20/11/2025;20/11/2025
110;;CPI;cycle préparatoire intégré;cycle préparatoire intégré de l'Institut supérieur de l'automobile et des transports;ISAT;2 ans;bac + 2;;0;non inscrit au RNCP;non renseigné;https://www.onisep.fr/http/redirection/formation/slug/FOR.2449;mécanique/aéronautique | environnement, énergies, propreté/aménagement du territoire | mécanique/automobile | électricité, électronique, robotique/électrotechnique | environnement, énergies, propreté/énergies | matières premières, fabrication, industries/études et développement | matières premières, fabrication, industries/fonction production (généralités) | logistique, transport/logistique | matières premières, fabrication, industries/maintenance, qualité | sciences/mathématiques | mécanique/mécanique (généralités) | sciences/physique | logistique, transport/transport;06/06/2020;27/06/2025
116 | 117 | 214 | 343;17011601;;diplôme d'ingénieur;diplôme d'ingénieur de l'École polytechnique universitaire de l'université Côte d'Azur spécialité génie de l'eau;Polytech;3 ans;bac + 5;;1;niveau 7;Ministère de l'Enseignement supérieur et de la Recherche;https://www.onisep.fr/http/redirection/formation/slug/FOR.10674;environnement, énergies, propreté/aménagement paysager | environnement, énergies, propreté/gestion de l'eau | informatique, Internet/informatique (généralités) | sciences/sciences de la Terre;31/10/2024;26/06/2026
221;;;formation d'école spécialisée;diplôme des arts pâtissiers;;1 an;bac ou équivalent;;0;non inscrit au RNCP;non renseigné;https://www.onisep.fr/http/redirection/formation/slug/FOR.11866;matières premières, fabrication, industries/agroalimentaire;22/09/2025;20/11/2025
312;25131202;BUT;bachelor universitaire de technologie;BUT techniques de commercialisation parcours business développement et management de la relation client;TC;3 ans;bac + 3;41621;2;niveau 6;Ministère de l'Enseignement supérieur et de la Recherche;https://www.onisep.fr/http/redirection/formation/slug/FOR.7952;commerce, marketing, vente/grande distribution et petits commerces | banque, assurances, immobilier/immobilier | commerce, marketing, vente/marketing, vente;20/07/2022;04/06/2026
;;;formation d'école spécialisée;Digital Painter;;1 an;bac + 4;;0;non inscrit au RNCP;non renseigné;https://www.onisep.fr/http/redirection/formation/slug/FOR.9381;arts, culture, artisanat/arts graphiques | arts, culture, artisanat/arts plastiques;04/12/2023;30/10/2024
128;15512804;;diplôme d'institut d'études politiques;diplôme de l'Institut d'études politiques de Bordeaux;IEP;5 ans;bac + 5;39136;1;niveau 7;Ministère de l'Enseignement supérieur et de la Recherche;https://www.onisep.fr/http/redirection/formation/slug/FOR.1946;gestion des entreprises, comptabilité/administration de l'entreprise | économie, droit, politique/droit (généralités) | économie, droit, politique/sciences économiques | économie, droit, politique/sciences politiques;06/06/2020;19/12/2025
;;CPI;cycle préparatoire intégré;premier cycle INSA post bac général - programme premier cycle INSA FIMI adapté de l'INSA Martinique Caraïbe;INSA;2 ans;bac + 2;;0;non inscrit au RNCP;non renseigné;https://www.onisep.fr/http/redirection/formation/slug/FOR.9371;sciences/chimie | sciences/mathématiques | sciences/physique;01/12/2023;24/09/2025
233;50023311;CAP;certificat d'aptitude professionnelle;CAP staffeur ornemaniste;;2 ans;CAP ou équivalent;36427;5;niveau 3;Ministère chargé de l'Éducation nationale;https://www.onisep.fr/http/redirection/formation/slug/FOR.638;arts, culture, artisanat/artisanat d'art | construction, architecture, travaux publics/génie civil, construction (généralités) | matières premières, fabrication, industries/mines et carrières;06/06/2020;09/06/2026
320 | 322 | 323;26X32072;;formation d'école spécialisée;infographiste 3D (Studio M);;3 ans;bac + 3;39869;2;niveau 6;non renseigné;https://www.onisep.fr/http/redirection/formation/slug/FOR.10989;arts, culture, artisanat/arts graphiques | information-communication, audiovisuel/multimédia;22/01/2025;24/07/2025
;;FCIL;formation complémentaire d'initiative locale;FCIL voilerie et sellerie nautique;;1 an;bac + 1;;0;non inscrit au RNCP;non renseigné;https://www.onisep.fr/http/redirection/formation/slug/FOR.7425;mécanique/construction navale | matières premières, fabrication, industries/matériaux souples | matières premières, fabrication, industries/textile, habillement;26/01/2022;02/05/2024
233;46X23302;;formation d'école spécialisée;matiériste-coloriste en décor mural;;2 ans;bac ou équivalent;37759;4;niveau 4;non renseigné;https://www.onisep.fr/http/redirection/formation/slug/FOR.11564;arts, culture, artisanat/artisanat d'art | construction, architecture, travaux publics/finition;24/06/2025;24/06/2025
335;44633524;BPJEPS;brevet professionnel de la jeunesse, de l'éducation populaire et du sport;BPJEPS spécialité éducateur sportif mention plongée subaquatique option A : en scaphandre;;1 an;bac ou équivalent;38063;4;niveau 4;Ministère chargé des sports;https://www.onisep.fr/http/redirection/formation/slug/FOR.9252;santé, social, sport/sport;09/10/2023;29/07/2024
310;;DU;diplôme d'université;DU outils pour entreprendre;;1 an;bac + 1;;0;non inscrit au RNCP;non renseigné;https://www.onisep.fr/http/redirection/formation/slug/FOR.4616;gestion des entreprises, comptabilité/administration de l'entreprise;06/06/2020;02/10/2020
323;;;diplôme d'établissement en art;diplôme de l'École nationale supérieure de la photographie d'Arles;;3 ans;bac + 5;40638;1;niveau 7;Ministère de la Culture et de la communication;https://www.onisep.fr/http/redirection/formation/slug/FOR.11556;information-communication, audiovisuel/audiovisuel;20/06/2025;20/06/2025
;;CPI;cycle préparatoire intégré;cycle préparatoire intégré de l'Icam Toulouse - La prépa professionnalisante (partenariat avec un lycée) BTS ATI;ICAM;2 ans;bac + 2;;0;non inscrit au RNCP;non renseigné;https://www.onisep.fr/http/redirection/formation/slug/FOR.9642;mécanique/automatismes | électricité, électronique, robotique/électrotechnique | matières premières, fabrication, industries/fonction production (généralités) | informatique, Internet/informatique (généralités) | sciences/mathématiques | mécanique/mécanique (généralités) | sciences/physique;28/12/2023;12/09/2024
227 | 310;16X22709;mastère spé.;mastère spécialisé;mastère spé. manager de l'environnement et de l'éco efficacité énergétique;;1 an;bac + 6;37733;1;niveau 7;non renseigné;https://www.onisep.fr/http/redirection/formation/slug/FOR.1804;environnement, énergies, propreté/énergies | environnement, énergies, propreté/environnement (généralités) | armée, sécurité/sécurité, prévention;06/06/2020;05/02/2025
122 | 128 | 310;13512238;;master;master mention économie des organisations;;2 ans;bac + 5;38296;1;niveau 7;Ministère de l'Enseignement supérieur et de la Recherche;https://www.onisep.fr/http/redirection/formation/slug/FOR.9749;gestion des entreprises, comptabilité/administration de l'entreprise | économie, droit, politique/sciences économiques;02/02/2024;14/02/2025
243;32024305;BTS;brevet de technicien supérieur;BTS métiers de la mode chaussure et maroquinerie;;2 ans;bac + 2;36776;3;niveau 5;Ministère chargé de l'Éducation nationale;https://www.onisep.fr/http/redirection/formation/slug/FOR.6039;matières premières, fabrication, industries/textile, habillement;06/06/2020;04/06/2026
313;32031313;BTS;brevet de technicien supérieur;BTS banque;;2 ans;bac + 2;38381;3;niveau 5;Ministère de l'Enseignement supérieur et de la Recherche;https://www.onisep.fr/http/redirection/formation/slug/FOR.9584;banque, assurances, immobilier/assurances | banque, assurances, immobilier/banque | banque, assurances, immobilier/finances | commerce, marketing, vente/marketing, vente;18/12/2023;12/03/2026
201 | 255 | 326;1702010L;;diplôme d'ingénieur;diplôme d'ingénieur de l'École nationale supérieure d'électronique, informatique, télécommunications, mathématique et mécanique de Bordeaux de l'Institut polytechnique de Bordeaux spécialité systèmes électroniques embarqués;ENSEIRB-MATMECA;3 ans;bac + 5;36102;1;niveau 7;Ministère de l'Enseignement supérieur et de la Recherche;https://www.onisep.fr/http/redirection/formation/slug/FOR.5467;électricité, électronique, robotique/électronique;06/06/2020;14/10/2025
332;;DEUST;diplôme d'études universitaires scientifiques et techniques;DEUST métiers de la cohésion sociale;;2 ans;bac + 2;40068;3;niveau 5;Ministère de l'Enseignement supérieur et de la Recherche;https://www.onisep.fr/http/redirection/formation/slug/FOR.10996;santé, social, sport/travail social;23/01/2025;23/01/2025
233;16X23310;;formation d'école spécialisée;architecte d'intérieur (ESMA);;4 ans;bac + 5;39589;1;niveau 7;non renseigné;https://www.onisep.fr/http/redirection/formation/slug/FOR.10750;arts, culture, artisanat/arts appliqués;20/11/2024;04/03/2025
323 | 133;;;diplôme d'établissement en art;diplôme arts et techniques du théâtre parcours conception lumière;;3 ans;bac + 5;42005;1;niveau 7;Ministère de l'Enseignement supérieur et de la Recherche;https://www.onisep.fr/http/redirection/formation/slug/FOR.12561;arts, culture, artisanat/arts du spectacle;10/04/2026;10/04/2026
255 | 326 | 201;;;diplôme d'ingénieur;diplôme d'ingénieur de l'École polytechnique universitaire de l'université Côte d'Azur spécialité robotique;Polytech;3 ans;bac + 5;35637;1;niveau 7;Ministère de l'Enseignement supérieur et de la Recherche;https://www.onisep.fr/http/redirection/formation/slug/FOR.6888;mécanique/automatismes;15/02/2021;26/06/2026
253;;MSc;Master of Science;MSc aerospace propulsion;;2 ans;bac + 5;;0;non inscrit au RNCP;non renseigné;https://www.onisep.fr/http/redirection/formation/slug/FOR.12271;mécanique/aéronautique;16/12/2025;16/12/2025
126;;;licence;licence mention histoire-géographie;;3 ans;bac + 3;;2;niveau 6;Ministère de l'Enseignement supérieur et de la Recherche;https://www.onisep.fr/http/redirection/formation/slug/FOR.5033;histoire-géographie, psychologie, sociologie/géographie | histoire-géographie, psychologie, sociologie/histoire;06/06/2020;12/03/2026
230 | 200 | 326;16X23003;;formation d'école spécialisée;ingénieur projet construction;;2 ans;bac + 5;39581;1;niveau 7;non renseigné;https://www.onisep.fr/http/redirection/formation/slug/FOR.11449;construction, architecture, travaux publics/bureau d'études BTP | construction, architecture, travaux publics/génie civil | construction, architecture, travaux publics/génie civil, construction (généralités);27/05/2025;27/05/2025
335;44633536;BPJEPS;brevet professionnel de la jeunesse, de l'éducation populaire et du sport;BPJEPS spécialité éducateur sportif mention canoë-kayak et disciplines associées option B : en mer;;1 an;bac ou équivalent;40045;4;niveau 4;Ministère chargé des sports;https://www.onisep.fr/http/redirection/formation/slug/FOR.11139;santé, social, sport/sport;18/02/2025;05/02/2026
133;;;formation d'école spécialisée;certificat de cycle préparatoire instruments et chant;;3 ans;non renseigné;;0;non inscrit au RNCP;Ministère de la Culture et de la communication;https://www.onisep.fr/http/redirection/formation/slug/FOR.2525;arts, culture, artisanat/arts du spectacle;06/06/2020;13/06/2025
126;13512608;;master;master mention mondes médiévaux;;2 ans;bac + 5;40732;1;niveau 7;Ministère de l'Enseignement supérieur et de la Recherche;https://www.onisep.fr/http/redirection/formation/slug/FOR.11597;histoire-géographie, psychologie, sociologie/histoire;27/06/2025;20/10/2025
254;46125409;CS;certificat de spécialisation;CS technicien en peinture aéronautique;;1 an;bac + 1;37923;4;niveau 4;Ministère chargé de l'Éducation nationale;https://www.onisep.fr/http/redirection/formation/slug/FOR.3336;mécanique/aéronautique | matières premières, fabrication, industries/maintenance, qualité;06/06/2020;11/06/2026
326;16X32699;;formation d'école spécialisée;architecte internet des objets;;2 ans;bac + 5;38474;1;niveau 7;non renseigné;https://www.onisep.fr/http/redirection/formation/slug/FOR.10551;mécanique/automatismes | informatique, Internet/développement, programmation, logiciel | électricité, électronique, robotique/électronique | matières premières, fabrication, industries/génie industriel | informatique, Internet/informatique (généralités) | informatique, Internet/informatique industrielle et technologique | informatique, Internet/systèmes et réseaux;01/10/2024;22/10/2024
243;50024318;CAP;certificat d'aptitude professionnelle;CAP sellerie générale;;2 ans;CAP ou équivalent;39037;5;niveau 3;Ministère chargé de l'Éducation nationale;https://www.onisep.fr/http/redirection/formation/slug/FOR.1499;arts, culture, artisanat/artisanat d'art | matières premières, fabrication, industries/textile, habillement;06/06/2020;04/06/2026
227 | 255 | 201;;;diplôme d'ingénieur;diplôme d'ingénieur de l'École CentraleSupélec spécialité génie électrique;CentraleSupélec;3 ans;bac + 5;40467;1;niveau 7;Ministère de l'Enseignement supérieur et de la Recherche;https://www.onisep.fr/http/redirection/formation/slug/FOR.10946;électricité, électronique, robotique/électrotechnique;13/01/2025;12/05/2026
133;13513303;;master;master mention théâtre;;2 ans;bac + 5;39264;1;niveau 7;Ministère de l'Enseignement supérieur et de la Recherche;https://www.onisep.fr/http/redirection/formation/slug/FOR.10360;arts, culture, artisanat/arts du spectacle;23/07/2024;23/07/2024
252;50025223;CAP;certificat d'aptitude professionnelle;CAP maintenance des matériels option C matériels d'espaces verts;;2 ans;CAP ou équivalent;39330;5;niveau 3;Ministère chargé de l'Éducation nationale;https://www.onisep.fr/http/redirection/formation/slug/FOR.5710;matières premières, fabrication, industries/maintenance, qualité | mécanique/mécanique (généralités);06/06/2020;04/06/2026
211 | 221 | 110;16021101;;autre diplôme d'État;diplôme national d'oenologue;DNO;2 ans;bac + 5;36955;1;niveau 7;Ministère de l'Enseignement supérieur et de la Recherche;https://www.onisep.fr/http/redirection/formation/slug/FOR.8681;matières premières, fabrication, industries/agroalimentaire;15/03/2023;10/02/2026
227;;;formation d'école spécialisée;Master of Science in Advance Nuclear Waste Management (pour étudiants internationaux);ANWM;2 ans;bac + 5;;1;niveau 7;Ministère de l'Enseignement supérieur et de la Recherche;https://www.onisep.fr/http/redirection/formation/slug/FOR.2185;gestion des entreprises, comptabilité/administration de l'entreprise | environnement, énergies, propreté/énergies | armée, sécurité/sécurité, prévention;06/06/2020;24/02/2026
133;;;formation d'école spécialisée;préparation à l'entrée dans les écoles nationales de cirque;;1 an;bac ou équivalent;;0;non inscrit au RNCP;non renseigné;https://www.onisep.fr/http/redirection/formation/slug/FOR.3280;arts, culture, artisanat/arts du spectacle;06/06/2020;10/12/2025
326;;;formation d'école spécialisée;bachelor en intelligence artificielle;IA;3 ans;bac + 3;;0;non inscrit au RNCP;non renseigné;https://www.onisep.fr/http/redirection/formation/slug/FOR.11081;informatique, Internet/bases de données | informatique, Internet/développement, programmation, logiciel | informatique, Internet/informatique (généralités);04/02/2025;20/01/2026
252;50025226;CAP;certificat d'aptitude professionnelle;CAP maintenance des véhicules option véhicules de transport routier;MV;2 ans;CAP ou équivalent;40997;5;niveau 3;Ministère chargé de l'Éducation nationale;https://www.onisep.fr/http/redirection/formation/slug/FOR.11282;mécanique/automobile | matières premières, fabrication, industries/maintenance, qualité | mécanique/mécanique (généralités);03/04/2025;28/04/2026
110;;;classe de mise à niveau post bac;mise à niveau pour les études supérieures scientifiques;MNESS;1 an;bac + 1;;0;non inscrit au RNCP;non renseigné;https://www.onisep.fr/http/redirection/formation/slug/FOR.4096;sciences/biologie | sciences/chimie | lettres, langues, enseignement/formations généralistes | informatique, Internet/informatique (généralités) | sciences/mathématiques | sciences/physique | sciences/sciences de la Terre;06/06/2020;29/10/2024
242;16024201;;formation d'école spécialisée;directeur de création mode et industries créatives;;2 ans;bac + 5;39427;1;niveau 7;non renseigné;https://www.onisep.fr/http/redirection/formation/slug/FOR.10525;matières premières, fabrication, industries/textile, habillement;18/09/2024;19/09/2024
315;;;formation d'école spécialisée;collaborateur paie;;1 an;bac + 2;40670;3;niveau 5;non renseigné;https://www.onisep.fr/http/redirection/formation/slug/FOR.11500;gestion des entreprises, comptabilité/comptabilité | gestion des entreprises, comptabilité/ressources humaines;12/06/2025;12/06/2025
311;16C31101;;formation d'école spécialisée;manager transport logistique et commerce international;;2 ans;bac + 5;35748;1;niveau 7;non renseigné;https://www.onisep.fr/http/redirection/formation/slug/FOR.7463;commerce, marketing, vente/commerce international | logistique, transport/logistique | logistique, transport/transport;08/02/2022;02/02/2024
251 | 200 | 201;25125102;BUT;bachelor universitaire de technologie;BUT génie mécanique et productique parcours conception et production durables;;3 ans;bac + 3;41581;2;niveau 6;Ministère de l'Enseignement supérieur et de la Recherche;https://www.onisep.fr/http/redirection/formation/slug/FOR.7893;mécanique/automatismes | matières premières, fabrication, industries/fabrication, productique | matières premières, fabrication, industries/fonction production (généralités) | matières premières, fabrication, industries/génie industriel | informatique, Internet/informatique industrielle et technologique | mécanique/mécanique (généralités) | matières premières, fabrication, industries/méthodes industrialisation;16/07/2022;12/03/2026
335;;;diplôme professionnel de l'animation et du sport;brevet national de pisteur secouriste 3e degré option ski alpin;BNPS;1 an;non renseigné;;0;non inscrit au RNCP;Ministère de l'Intérieur;https://www.onisep.fr/http/redirection/formation/slug/FOR.6627;santé, social, sport/paramédical | armée, sécurité/sécurité, prévention | santé, social, sport/sport;16/10/2020;26/03/2026
221 | 312 | 331;17022103;;diplôme d'ingénieur;diplôme d'ingénieur de l'Institut Polytechnique UniLaSalle spécialité agroalimentation et santé;UniLaSalle;3 ans;bac + 5;40931;1;niveau 7;Ministère de l'agriculture, de l'agro-alimentaire et de la souveraineté alimentaire;https://www.onisep.fr/http/redirection/formation/slug/FOR.11850;agriculture, animaux/agriculture (généralités) | matières premières, fabrication, industries/agroalimentaire | sciences/biologie | agriculture, animaux/développement agricole | environnement, énergies, propreté/environnement (généralités) | matières premières, fabrication, industries/études et développement | matières premières, fabrication, industries/fonction production (généralités) | histoire-géographie, psychologie, sociologie/géographie | commerce, marketing, vente/grande distribution et petits commerces | mécanique/machinisme agricole | matières premières, fabrication, industries/méthodes industrialisation | santé, social, sport/santé (généralités) | sciences/sciences de la Terre;15/09/2025;21/11/2025
335;23633502;DESJEPS;diplôme d'État supérieur de la jeunesse, de l'éducation populaire et du sport;DESJEPS spécialité performance sportive mention escrime;;2 ans;bac + 3;40453;2;niveau 6;Ministère chargé des sports;https://www.onisep.fr/http/redirection/formation/slug/FOR.11484;santé, social, sport/sport;05/06/2025;26/06/2025
333;;DU;diplôme d'université;DU diplôme d'aptitude à l'enseignement du français langue étrangère;DAEFLE;1 an;bac + 2;;0;non inscrit au RNCP;non renseigné;https://www.onisep.fr/http/redirection/formation/slug/FOR.2236;lettres, langues, enseignement/enseignement | lettres, langues, enseignement/langues;06/06/2020;04/01/2023
344;25134401;BUT;bachelor universitaire de technologie;BUT hygiène sécurité environnement parcours science du danger et management des risques professionnels, technologiques et environnementaux;HSE;3 ans;bac + 3;41602;2;niveau 6;Ministère de l'Enseignement supérieur et de la Recherche;https://www.onisep.fr/http/redirection/formation/slug/FOR.7880;sciences/chimie | environnement, énergies, propreté/déchets, pollutions et risques | matières premières, fabrication, industries/méthodes industrialisation | environnement, énergies, propreté/propreté | armée, sécurité/sécurité, prévention;12/07/2022;12/03/2026
251 | 254;26X25101;;formation d'école spécialisée;projeteur en ingénierie d'installation générale industrielle;;1 an;bac + 3;39380;2;niveau 6;non renseigné;https://www.onisep.fr/http/redirection/formation/slug/FOR.10922;matières premières, fabrication, industries/fonction production (généralités) | matières premières, fabrication, industries/génie industriel | matières premières, fabrication, industries/maintenance, qualité | matières premières, fabrication, industries/méthodes industrialisation | armée, sécurité/sécurité, prévention;08/01/2025;07/02/2025
200 | 113 | 344;17020027;;diplôme d'ingénieur;diplôme d'ingénieur de l'École supérieure Angevine d'informatique et de productique spécialité gestion des risques et environnement;ESAIP;3 ans;bac + 5;35567;1;niveau 7;Ministère de l'Enseignement supérieur et de la Recherche;https://www.onisep.fr/http/redirection/formation/slug/FOR.5863;environnement, énergies, propreté/aménagement du territoire | mécanique/construction navale | environnement, énergies, propreté/déchets, pollutions et risques | environnement, énergies, propreté/énergies | environnement, énergies, propreté/environnement (généralités) | matières premières, fabrication, industries/fabrication, productique | matières premières, fabrication, industries/fonction production (généralités) | informatique, Internet/informatique (généralités) | matières premières, fabrication, industries/maintenance, qualité | matières premières, fabrication, industries/méthodes industrialisation | sciences/physique | environnement, énergies, propreté/propreté | santé, social, sport/santé (généralités) | armée, sécurité/sécurité, prévention | santé, social, sport/sport;06/06/2020;05/02/2026
;;CPI;cycle préparatoire intégré;cycle préparatoire intégré UTBM - tronc commun;UTBM;2 ans;bac + 2;;0;non inscrit au RNCP;non renseigné;https://www.onisep.fr/http/redirection/formation/slug/FOR.9136;sciences/chimie | environnement, énergies, propreté/environnement (généralités) | matières premières, fabrication, industries/fonction production (généralités) | informatique, Internet/informatique (généralités) | sciences/mathématiques | matières premières, fabrication, industries/méthodes industrialisation | sciences/physique;01/09/2023;12/02/2026
200;;;diplôme d'ingénieur;diplôme d'ingénieur de l'EPF spécialité production et automatique (formation Franco-Allemande);EPF;5 ans;bac + 5;;1;niveau 7;Ministère de l'Enseignement supérieur et de la Recherche;https://www.onisep.fr/http/redirection/formation/slug/FOR.11404;mécanique/automatismes | matières premières, fabrication, industries/fonction production (généralités) | informatique, Internet/informatique (généralités) | logistique, transport/logistique | matières premières, fabrication, industries/maintenance, qualité | matières premières, fabrication, industries/méthodes industrialisation;14/05/2025;12/05/2026
210;36321002;CS;certificat de spécialisation (agriculture);CS hydraulique agricole;;1 an;bac + 3;39678;3;niveau 5;Ministère de l'agriculture, de l'agro-alimentaire et de la souveraineté alimentaire;https://www.onisep.fr/http/redirection/formation/slug/FOR.531;environnement, énergies, propreté/énergies | environnement, énergies, propreté/gestion de l'eau | sciences/sciences de la Terre;06/06/2020;16/06/2026
255;46125510;CS;certificat de spécialisation;CS production et réparation de produits électroniques;;1 an;bac + 1;37569;4;niveau 4;Ministère chargé de l'Éducation nationale;https://www.onisep.fr/http/redirection/formation/slug/FOR.8504;électricité, électronique, robotique/électronique | matières premières, fabrication, industries/maintenance, qualité;31/01/2023;12/05/2026
201;;;diplôme d'ingénieur;diplôme d'ingénieur de l'École polytechnique universitaire de l'université Lyon I spécialité mathématiques appliquées;Polytech;3 ans;bac + 5;42234;1;niveau 7;Ministère de l'Enseignement supérieur et de la Recherche;https://www.onisep.fr/http/redirection/formation/slug/FOR.5393;matières premières, fabrication, industries/fonction production (généralités) | informatique, Internet/informatique (généralités) | sciences/mathématiques | mécanique/mécanique (généralités);06/06/2020;24/06/2026
310;34631001;;formation d'école spécialisée;entrepreneur de petite entreprise;;2 ans;bac + 2;39745;3;niveau 5;non renseigné;https://www.onisep.fr/http/redirection/formation/slug/FOR.10988;gestion des entreprises, comptabilité/administration de l'entreprise;22/01/2025;18/02/2026
222 | 200 | 111;1702220N;;diplôme d'ingénieur;diplôme d'ingénieur de l'École nationale supérieure des ingénieurs en arts chimiques et technologiques de l'INP de Toulouse spécialité génie des procédés;ENSIACET;3 ans;bac + 5;38377;1;niveau 7;Ministère de l'Enseignement supérieur et de la Recherche;https://www.onisep.fr/http/redirection/formation/slug/FOR.5702;matières premières, fabrication, industries/fonction production (généralités) | matières premières, fabrication, industries/méthodes industrialisation;06/06/2020;16/04/2026
;;;formation d'école spécialisée;cycle pluridisciplinaire d'études supérieures - Sciences et société;CPES;3 ans;bac + 3;;2;niveau 6;non renseigné;https://www.onisep.fr/http/redirection/formation/slug/FOR.10650;sciences/chimie | économie, droit, politique/droit (généralités) | histoire-géographie, psychologie, sociologie/géographie | histoire-géographie, psychologie, sociologie/histoire | informatique, Internet/informatique (généralités) | sciences/mathématiques | sciences/physique | économie, droit, politique/sciences économiques | histoire-géographie, psychologie, sociologie/sciences sociales;29/10/2024;20/03/2026
210 | 221 | 200 | 220;17021007;;diplôme d'ingénieur;diplôme d'ingénieur de l'École nationale vétérinaire, agroalimentaire et de l'alimentation, Nantes-Atlantique;Oniris;3 ans;bac + 5;36032;1;niveau 7;Ministère de l'agriculture, de l'agro-alimentaire et de la souveraineté alimentaire;https://www.onisep.fr/http/redirection/formation/slug/FOR.1309;matières premières, fabrication, industries/agroalimentaire | sciences/biologie | environnement, énergies, propreté/environnement (généralités) | matières premières, fabrication, industries/fonction production (généralités) | santé, social, sport/santé (généralités);06/06/2020;15/06/2026
320 | 323;26032002;;diplôme d'école de commerce visé (bac + 3);diplôme d'études supérieures en communication multimédia;DESCM;3 ans;bac + 3;39676;2;niveau 6;Ministère de l'Enseignement supérieur et de la Recherche;https://www.onisep.fr/http/redirection/formation/slug/FOR.9794;information-communication, audiovisuel/communication | information-communication, audiovisuel/multimédia;07/02/2024;12/05/2026
210;46421004;;formation d'école spécialisée;technicien entrepreneur en agriculture;;1 an;bac ou équivalent;37612;4;niveau 4;non renseigné;https://www.onisep.fr/http/redirection/formation/slug/FOR.9072;agriculture, animaux/agriculture (généralités) | agriculture, animaux/développement agricole;12/07/2023;21/01/2026
326;17032607;;diplôme d'ingénieur;diplôme d'ingénieur de l'École nationale supérieure d'ingénieurs de Bretagne-Sud de l'université de Bretagne-Sud spécialité sécurité des systèmes d'information et cybersécurité en partenariat avec l'ITII Bretagne;ENSIBS;3 ans;bac + 5;;1;niveau 7;Ministère de l'Enseignement supérieur et de la Recherche;https://www.onisep.fr/http/redirection/formation/slug/FOR.8290;armée, sécurité/défense publique | information-communication, audiovisuel/multimédia | armée, sécurité/sécurité, prévention | informatique, Internet/systèmes et réseaux;07/12/2022;26/06/2026
227;;mastère spé.;mastère spécialisé;mastère spé. expert en projets et production d'énergies renouvelables;;1 an;bac + 6;;0;non inscrit au RNCP;non renseigné;https://www.onisep.fr/http/redirection/formation/slug/FOR.9808;environnement, énergies, propreté/énergies;08/02/2024;02/05/2024
220;;;diplôme d'ingénieur;diplôme d'ingénieur de l'école supérieure d'ingénieurs en innovation technologique (ESITech) de l'université de Rouen spécialité génie biologique en convention avec l'INSA de Rouen;ESITech;3 ans;bac + 5;40733;1;niveau 7;Ministère de l'Enseignement supérieur et de la Recherche;https://www.onisep.fr/http/redirection/formation/slug/FOR.11772;sciences/biologie | sciences/chimie | matières premières, fabrication, industries/fonction production (généralités) | santé, social, sport/médical | matières premières, fabrication, industries/méthodes industrialisation | santé, social, sport/santé (généralités);28/08/2025;19/01/2026
128;;DU;diplôme d'université;DU sécurité et défense;;1 an;bac + 3;;0;non inscrit au RNCP;non renseigné;https://www.onisep.fr/http/redirection/formation/slug/FOR.4190;économie, droit, politique/droit public;06/06/2020;25/02/2026
243;40224301;BNMA;brevet national des métiers d'art;BNMA maroquinerie de haute facture option maroquinerie;;3 ans;bac ou équivalent;;4;niveau 4;Ministère chargé de l'Éducation nationale;https://www.onisep.fr/http/redirection/formation/slug/FOR.12464;arts, culture, artisanat/artisanat d'art | arts, culture, artisanat/arts graphiques | matières premières, fabrication, industries/textile, habillement;19/02/2026;20/05/2026
200 | 227;16X20017;mastère spé.;mastère spécialisé;mastère spé. expert en sûreté nucléaire;;1 an;bac + 6;38458;1;niveau 7;non renseigné;https://www.onisep.fr/http/redirection/formation/slug/FOR.2964;environnement, énergies, propreté/déchets, pollutions et risques | environnement, énergies, propreté/énergies | armée, sécurité/sécurité, prévention;06/06/2020;05/02/2025
335;;;formation d'école spécialisée;conseiller technique ski;;1 an;bac ou équivalent;41796;4;niveau 4;non renseigné;https://www.onisep.fr/http/redirection/formation/slug/FOR.12608;matières premières, fabrication, industries/génie industriel | commerce, marketing, vente/marketing, vente | santé, social, sport/sport;04/05/2026;20/05/2026
116;25011601;;licence professionnelle;licence pro mention chimie analytique, contrôle, qualité, environnement;;1 an;bac + 3;40539;2;niveau 6;Ministère de l'Enseignement supérieur et de la Recherche;https://www.onisep.fr/http/redirection/formation/slug/FOR.11455;sciences/chimie | environnement, énergies, propreté/déchets, pollutions et risques | matières premières, fabrication, industries/maintenance, qualité;27/05/2025;20/10/2025
114 | 326;;;diplôme d'ingénieur;diplôme d'ingénieur de l'École polytechnique universitaire de l'université de Tours spécialité informatique;Polytech;3 ans;bac + 5;40122;1;niveau 7;Ministère de l'Enseignement supérieur et de la Recherche;https://www.onisep.fr/http/redirection/formation/slug/FOR.5359;informatique, Internet/informatique (généralités) | informatique, Internet/informatique industrielle et technologique | sciences/mathématiques | informatique, Internet/systèmes et réseaux;06/06/2020;26/06/2026
;;;formation d'école spécialisée;artiste interprète théâtre et cinéma;;2 ans;bac + 2;;0;non inscrit au RNCP;non renseigné;https://www.onisep.fr/http/redirection/formation/slug/FOR.6841;arts, culture, artisanat/arts du spectacle | information-communication, audiovisuel/audiovisuel;29/01/2021;30/01/2023
252;;;classe de mise à niveau (accès en STS);classe de mise à niveau pour entrer en BTS maritime maintenance des systèmes électro-navals;;1 an;bac + 1;;0;non inscrit au RNCP;Ministère chargé de l'Éducation nationale;https://www.onisep.fr/http/redirection/formation/slug/FOR.3707;mécanique/construction navale | électricité, électronique, robotique/électrotechnique | matières premières, fabrication, industries/maintenance, qualité | logistique, transport/transport;06/06/2020;11/06/2026
300 | 312 | 320;16X30001;;formation d'école spécialisée;manager de la stratégie marketing digitale (ISEG);;5 ans;bac + 5;37782;1;niveau 7;non renseigné;https://www.onisep.fr/http/redirection/formation/slug/FOR.9104;commerce, marketing, vente/marketing, vente;16/08/2023;25/06/2026
310;46M31001;;formation d'école spécialisée;adjoint de dirigeant d'entreprise artisanale;;1 an;bac ou équivalent;38289;4;niveau 4;Chambres de métiers et de l'artisanat;https://www.onisep.fr/http/redirection/formation/slug/FOR.9413;gestion des entreprises, comptabilité/administration de l'entreprise;06/12/2023;22/04/2024
210;36321007;CS;certificat de spécialisation (agriculture);CS responsable technico-commercial : agrofournitures;TC;1 an;bac + 3;38852;3;niveau 5;Ministère de l'agriculture, de l'agro-alimentaire et de la souveraineté alimentaire;https://www.onisep.fr/http/redirection/formation/slug/FOR.2285;agriculture, animaux/agriculture (généralités) | agriculture, animaux/développement agricole | commerce, marketing, vente/marketing, vente;06/06/2020;11/06/2026
320;;;formation d'école spécialisée;responsable de la communication et de l'image de mode;;3 ans;bac + 3;41741;2;niveau 6;non renseigné;https://www.onisep.fr/http/redirection/formation/slug/FOR.12744;arts, culture, artisanat/arts graphiques | information-communication, audiovisuel/communication;19/06/2026;19/06/2026
220 | 300 | 343;;;formation d'école spécialisée;technicien valoriste du réemploi;;1 an;bac ou équivalent;37826;4;niveau 4;non renseigné;https://www.onisep.fr/http/redirection/formation/slug/FOR.12452;environnement, énergies, propreté/déchets, pollutions et risques | environnement, énergies, propreté/environnement (généralités);17/02/2026;10/04/2026
312;26X31243;;formation d'école spécialisée;manager dans l'univers de la beauté;;1 an;bac + 3;35266;2;niveau 6;non renseigné;https://www.onisep.fr/http/redirection/formation/slug/FOR.7253;santé, social, sport/esthétique | commerce, marketing, vente/marketing, vente;17/11/2021;07/10/2024
227 | 110;17022713;;diplôme d'ingénieur;diplôme d'ingénieur de l'École d'ingénieurs de l'université de Caen spécialité génie énergétique;ESIX;3 ans;bac + 5;39047;1;niveau 7;Ministère de l'Enseignement supérieur et de la Recherche;https://www.onisep.fr/http/redirection/formation/slug/FOR.9383;environnement, énergies, propreté/énergies;04/12/2023;20/05/2026
312;26C31204;;formation d'école spécialisée;responsable opérationnel achats approvisionnements;;3 ans;bac + 3;37169;2;niveau 6;non renseigné;https://www.onisep.fr/http/redirection/formation/slug/FOR.8420;commerce, marketing, vente/achat, approvisionnement | commerce, marketing, vente/marketing, vente;17/01/2023;17/01/2023
310;16X31070;;formation d'école spécialisée;manager en projets internationaux;;1 an;bac + 5;39993;1;niveau 7;non renseigné;https://www.onisep.fr/http/redirection/formation/slug/FOR.12219;gestion des entreprises, comptabilité/administration de l'entreprise | commerce, marketing, vente/commerce international;28/11/2025;28/11/2025
330 | 332;16X33003;mastère spé.;mastère spécialisé;mastère spé. management des structures et activités innovantes en santé;;1 an;bac + 6;37614;1;niveau 7;non renseigné;https://www.onisep.fr/http/redirection/formation/slug/FOR.9043;santé, social, sport/santé (généralités);05/07/2023;17/02/2025
230;;;formation d'école spécialisée;formation d'assistant en architecture;;3 ans;bac + 3;;0;non inscrit au RNCP;non renseigné;https://www.onisep.fr/http/redirection/formation/slug/FOR.736;construction, architecture, travaux publics/architecture;06/06/2020;02/10/2020
201;1702010S;;diplôme d'ingénieur;diplôme d'ingénieur de l'École nationale supérieure de physique, électronique et matériaux de l'Institut polytechnique de Grenoble spécialité microélectronique et télécommunications en partenariat avec l'ITII Dauphiné-Vivarais;Phelma;3 ans;bac + 5;40771;1;niveau 7;Ministère de l'Enseignement supérieur et de la Recherche;https://www.onisep.fr/http/redirection/formation/slug/FOR.6240;informatique, Internet/développement, programmation, logiciel | électricité, électronique, robotique/électronique | informatique, Internet/informatique industrielle et technologique | mécanique/mécanique (généralités) | électricité, électronique, robotique/télécommunications;06/06/2020;14/11/2025
320 | 134 | 312;24132001;DN MADE;diplôme national des métiers d'art et du design;DN MADE mention événement;;3 ans;bac + 3;36942;2;niveau 6;Ministère de l'Enseignement supérieur et de la Recherche;https://www.onisep.fr/http/redirection/formation/slug/FOR.6159;arts, culture, artisanat/arts appliqués | arts, culture, artisanat/arts graphiques;06/06/2020;05/06/2026
331;;;formation d'école spécialisée;Bachelor of Science en nutrition humaine ou sportive;;3 ans;bac + 3;;0;non inscrit au RNCP;non renseigné;https://www.onisep.fr/http/redirection/formation/slug/FOR.4330;santé, social, sport/paramédical;06/06/2020;07/04/2026
310;16X31018;;formation d'école spécialisée;manager en stratégie d'entreprise;;2 ans;bac + 5;37069;1;niveau 7;non renseigné;https://www.onisep.fr/http/redirection/formation/slug/FOR.8345;gestion des entreprises, comptabilité/administration de l'entreprise | commerce, marketing, vente/marketing, vente;20/12/2022;18/09/2024
312;32031215;BTS;brevet de technicien supérieur;BTS commerce international;CI;2 ans;bac + 2;41759;3;niveau 5;Ministère de l'Enseignement supérieur et de la Recherche;https://www.onisep.fr/http/redirection/formation/slug/FOR.6779;commerce, marketing, vente/achat, approvisionnement | commerce, marketing, vente/commerce international | logistique, transport/logistique | commerce, marketing, vente/marketing, vente | logistique, transport/transport;21/12/2020;04/06/2026
230 | 231 | 232;26523004;;bachelor en sciences et ingénierie;bachelor en sciences et ingénierie - bâtiment et travaux publics (Builders);Builders;3 ans;bac + 3;41006;2;niveau 6;Ministère de l'Enseignement supérieur et de la Recherche;https://www.onisep.fr/http/redirection/formation/slug/FOR.10121;construction, architecture, travaux publics/génie civil, construction (généralités);31/05/2024;12/05/2026
313;;mastère spé.;mastère spécialisé;mastère spé. actuariat;;1 an;bac + 6;;0;non inscrit au RNCP;non renseigné;https://www.onisep.fr/http/redirection/formation/slug/FOR.2091;banque, assurances, immobilier/assurances;06/06/2020;17/05/2024
242;42024210;DTMS;diplôme de technicien des métiers du spectacle;DTMS métiers du spectacle option techniques de l'habillage;;2 ans;bac ou équivalent;39029;4;niveau 4;Ministère chargé de l'Éducation nationale;https://www.onisep.fr/http/redirection/formation/slug/FOR.10573;arts, culture, artisanat/arts du spectacle | matières premières, fabrication, industries/textile, habillement;08/10/2024;18/12/2025
312 | 314 | 315;26031225;;diplôme d'école de commerce visé (bac + 3);diplôme supérieur en management;;3 ans;bac + 3;41188;2;niveau 6;Ministère de l'Enseignement supérieur et de la Recherche;https://www.onisep.fr/http/redirection/formation/slug/FOR.11844;gestion des entreprises, comptabilité/comptabilité | commerce, marketing, vente/marketing, vente | gestion des entreprises, comptabilité/ressources humaines;15/09/2025;12/05/2026
133 | 310 | 333;;;diplôme d'État en art;certificat d'aptitude aux fonctions de directeur d'établissement d'enseignement artistique;;1 an;bac + 5;37965;1;niveau 7;Ministère de la Culture et de la communication;https://www.onisep.fr/http/redirection/formation/slug/FOR.9309;arts, culture, artisanat/arts du spectacle | lettres, langues, enseignement/enseignement;31/10/2023;10/12/2025
326 | 312 | 310;15532601;DU;diplôme d'université;diplôme de grand établissement mention systèmes d'information, réseaux et numérique;;2 ans;bac + 5;40791;1;niveau 7;Ministère de l'Enseignement supérieur et de la Recherche;https://www.onisep.fr/http/redirection/formation/slug/FOR.4846;matières premières, fabrication, industries/fonction production (généralités) | information-communication, audiovisuel/multimédia | électricité, électronique, robotique/télécommunications;06/06/2020;11/09/2025
230;;;diplôme des écoles d'architecture;diplôme de premier cycle de l'École spéciale d'architecture (DEEA);;3 ans;bac + 3;;2;niveau 6;Ministère de la Culture et de la communication;https://www.onisep.fr/http/redirection/formation/slug/FOR.4084;construction, architecture, travaux publics/architecture;06/06/2020;24/06/2026
326;26532614;;bachelor en sciences et ingénierie;bachelor en sciences et ingénierie - intelligence artificielle (ECE);;3 ans;bac + 3;42304;2;niveau 6;Ministère de l'Enseignement supérieur et de la Recherche;https://www.onisep.fr/http/redirection/formation/slug/FOR.12371;informatique, Internet/informatique (généralités);23/01/2026;15/06/2026
331;;DU;diplôme d'université;DU musicothérapeute;;1 an;bac + 3;;0;non inscrit au RNCP;non renseigné;https://www.onisep.fr/http/redirection/formation/slug/FOR.2161;arts, culture, artisanat/arts du spectacle | santé, social, sport/paramédical;06/06/2020;06/02/2024
253 | 200 | 225;;;diplôme d'ingénieur;diplôme d'ingénieur de l'École d'ingénieurs des sciences aérospatiales;ELISA Aerospace;3 ans;bac + 5;41209;1;niveau 7;Ministère de l'Enseignement supérieur et de la Recherche;https://www.onisep.fr/http/redirection/formation/slug/FOR.11867;mécanique/aéronautique | mécanique/automatismes | électricité, électronique, robotique/électronique | informatique, Internet/informatique (généralités) | sciences/physique;22/09/2025;19/02/2026
251;;;diplôme d'ingénieur;diplôme d'ingénieur de l'université de technologie de Belfort-Montbéliard spécialité mécanique et ergonomie;UTBM;3 ans;bac + 5;39458;1;niveau 7;Ministère de l'Enseignement supérieur et de la Recherche;https://www.onisep.fr/http/redirection/formation/slug/FOR.6000;arts, culture, artisanat/arts graphiques | matières premières, fabrication, industries/études et développement | matières premières, fabrication, industries/fonction production (généralités) | mécanique/mécanique (généralités) | histoire-géographie, psychologie, sociologie/psychologie;06/06/2020;16/10/2024
100;;DU;diplôme d'université;DU préparation aux études scientifiques;DUPRES;1 an;bac + 1;;0;non inscrit au RNCP;non renseigné;https://www.onisep.fr/http/redirection/formation/slug/FOR.2881;sciences/biologie | sciences/chimie | lettres, langues, enseignement/formations généralistes | matières premières, fabrication, industries/génie industriel | informatique, Internet/informatique (généralités) | sciences/mathématiques | sciences/physique | sciences/sciences de la Terre;06/06/2020;20/03/2026
200;;;diplôme d'ingénieur;diplôme d'ingénieur de l'École nationale de la météorologie;ENM;3 ans;bac + 5;40459;1;niveau 7;Ministère de l'Enseignement supérieur et de la Recherche;https://www.onisep.fr/http/redirection/formation/slug/FOR.1120;sciences/sciences de la Terre;06/06/2020;03/12/2025
335;33633502;DEJEPS;diplôme d'État de la jeunesse, de l'éducation populaire et du sport;DEJEPS spécialité perfectionnement sportif mention polo;;2 ans;bac + 2;40211;3;niveau 5;Ministère chargé des sports;https://www.onisep.fr/http/redirection/formation/slug/FOR.12441;santé, social, sport/sport;09/02/2026;09/02/2026
222;25022282;;licence professionnelle;licence pro mention chimie industrielle;;1 an;bac + 3;40728;2;niveau 6;Ministère de l'Enseignement supérieur et de la Recherche;https://www.onisep.fr/http/redirection/formation/slug/FOR.11578;sciences/chimie;27/06/2025;20/10/2025
230 | 232;46023001;DU;diplôme d'université;DU assistant d'architecte;DSP;1 an;bac + 1;37206;4;niveau 4;non renseigné;https://www.onisep.fr/http/redirection/formation/slug/FOR.8580;construction, architecture, travaux publics/architecture;10/02/2023;10/06/2024
230;36C23001;;formation d'école spécialisée;chef de projet en rénovation énergétique performante;;2 ans;bac + 2;38921;3;niveau 5;non renseigné;https://www.onisep.fr/http/redirection/formation/slug/FOR.10919;construction, architecture, travaux publics/bureau d'études BTP | environnement, énergies, propreté/énergies | construction, architecture, travaux publics/équipement technique | construction, architecture, travaux publics/génie civil, construction (généralités);07/01/2025;26/02/2026
128;25112801;BUT;bachelor universitaire de technologie;BUT carrières juridiques parcours administration et justice;CJ;3 ans;bac + 3;41548;2;niveau 6;Ministère de l'Enseignement supérieur et de la Recherche;https://www.onisep.fr/http/redirection/formation/slug/FOR.7799;économie, droit, politique/activité judiciaire | économie, droit, politique/droit (généralités);28/06/2022;12/03/2026
310;;;diplôme d'école de commerce visé de niveau bac + 4 ou 5;diplôme en marketing;;2 ans;bac + 5;41225;1;niveau 7;Ministère de l'Enseignement supérieur et de la Recherche;https://www.onisep.fr/http/redirection/formation/slug/FOR.11738;information-communication, audiovisuel/journalisme, édition, publicité | commerce, marketing, vente/marketing, vente;28/07/2025;12/05/2026
134;;DU;diplôme d'université;DU monteur installateur d'oeuvres d'art;DSP;1 an;bac + 1;37219;4;niveau 4;non renseigné;https://www.onisep.fr/http/redirection/formation/slug/FOR.9616;arts, culture, artisanat/activités culturelles;19/12/2023;03/10/2024
312;2503123J;;licence professionnelle;licence pro mention gestion des achats et des approvisionnements;;1 an;bac + 3;40446;2;niveau 6;Ministère de l'Enseignement supérieur et de la Recherche;https://www.onisep.fr/http/redirection/formation/slug/FOR.11353;commerce, marketing, vente/achat, approvisionnement;24/04/2025;24/04/2025
251;17025120;;diplôme d'ingénieur;diplôme d'ingénieur de l'École nationale d'ingénieurs de Saint-Etienne de l'École centrale de Lyon spécialité génie mécanique en partenariat avec l'ITII Loire;ENI;3 ans;bac + 5;41021;1;niveau 7;Ministère de l'Enseignement supérieur et de la Recherche;https://www.onisep.fr/http/redirection/formation/slug/FOR.7785;arts, culture, artisanat/arts graphiques | matières premières, fabrication, industries/études et développement | matières premières, fabrication, industries/fonction production (généralités) | mécanique/mécanique (généralités) | matières premières, fabrication, industries/méthodes industrialisation | histoire-géographie, psychologie, sociologie/psychologie;23/06/2022;21/10/2025
311 | 200;16X31108;mastère spé.;mastère spécialisé;mastère spé. management industriel et systèmes logistiques;MISL;1 an;bac + 6;38103;1;niveau 7;non renseigné;https://www.onisep.fr/http/redirection/formation/slug/FOR.644;matières premières, fabrication, industries/génie industriel | logistique, transport/logistique;06/06/2020;17/02/2025
211 | 210;32321112;BTSA;brevet de technicien supérieur agricole;BTSA viticulture-oenologie;;2 ans;bac + 2;36002;3;niveau 5;Ministère de l'agriculture, de l'agro-alimentaire et de la souveraineté alimentaire;https://www.onisep.fr/http/redirection/formation/slug/FOR.7283;matières premières, fabrication, industries/agroalimentaire | agriculture, animaux/cultures;01/12/2021;05/06/2026
322;32032208;BTS;brevet de technicien supérieur;BTS édition;;2 ans;bac + 2;36965;3;niveau 5;Ministère de l'Enseignement supérieur et de la Recherche;https://www.onisep.fr/http/redirection/formation/slug/FOR.266;information-communication, audiovisuel/journalisme, édition, publicité;06/06/2020;04/06/2026
251 | 250 | 201;17025115;;diplôme d'ingénieur;diplôme d'ingénieur de l'École nationale supérieure de mécanique et des microtechniques spécialité mécanique en partenariat avec l'ITII Franche-Comté;ENSMM;3 ans;bac + 5;40022;1;niveau 7;Ministère de l'Enseignement supérieur et de la Recherche;https://www.onisep.fr/http/redirection/formation/slug/FOR.11171;matières premières, fabrication, industries/fonction production (généralités) | matières premières, fabrication, industries/génie industriel | mécanique/mécanique (généralités) | matières premières, fabrication, industries/méthodes industrialisation;21/02/2025;08/10/2025
335;36X33502;;formation d'école spécialisée;technico-commercial de l'industrie et des services nautiques;;2 ans;bac + 2;36393;3;niveau 5;Ministère de l'Enseignement supérieur et de la Recherche;https://www.onisep.fr/http/redirection/formation/slug/FOR.7653;mécanique/construction navale | commerce, marketing, vente/marketing, vente | santé, social, sport/sport;10/05/2022;26/05/2026
251;1702510S;;diplôme d'ingénieur;diplôme d'ingénieur de l'Institut supérieur d'études logistiques de l'université du Havre spécialité mécanique et production en partenariat avec l'ITII Normandie;ISEL;3 ans;bac + 5;36344;1;niveau 7;Ministère de l'Enseignement supérieur et de la Recherche;https://www.onisep.fr/http/redirection/formation/slug/FOR.5880;matières premières, fabrication, industries/études et développement | matières premières, fabrication, industries/fabrication, productique | logistique, transport/logistique | matières premières, fabrication, industries/maintenance, qualité | mécanique/mécanique (généralités) | matières premières, fabrication, industries/méthodes industrialisation;06/06/2020;05/11/2025
314;;DU;diplôme d'université;DU finance et comptabilité supérieure;;1 an;bac + 4;;0;non inscrit au RNCP;non renseigné;https://www.onisep.fr/http/redirection/formation/slug/FOR.1702;gestion des entreprises, comptabilité/comptabilité | banque, assurances, immobilier/finances;06/06/2020;30/01/2024
331;;;formation d'école spécialisée;année spécifique aux études de masso-kinésithérapie pour personnes en situation de handicap visuel;;1 an;bac + 1;;0;non inscrit au RNCP;non renseigné;https://www.onisep.fr/http/redirection/formation/slug/FOR.2819;santé, social, sport/paramédical;06/06/2020;26/05/2026
324;36C3240B;;formation d'école spécialisée;assistant de gestion et d'administration d'entreprise;;1 an;bac + 2;36390;3;niveau 5;Chambre de commerce et d'industrie;https://www.onisep.fr/http/redirection/formation/slug/FOR.7712;gestion des entreprises, comptabilité/secrétariat;03/06/2022;07/10/2024
325;;;formation de fonctionnaires (après concours);diplôme de conservateur des bibliothèques;DCB;2 ans;bac + 5;;1;niveau 7;Ministère de l'Enseignement supérieur et de la Recherche;https://www.onisep.fr/http/redirection/formation/slug/FOR.555;arts, culture, artisanat/activités culturelles | information-communication, audiovisuel/bibliothèque, documentation;06/06/2020;10/12/2025
201 | 110 | 326;17020106;;diplôme d'ingénieur;diplôme d'ingénieur de l'École supérieure des techniques aéronautiques et de construction automobile spécialité systèmes embarqués et numériques en partenariat avec l'ITII en Ile-de-France;ESTACA;3 ans;bac + 5;40704;1;niveau 7;Ministère de l'Enseignement supérieur et de la Recherche;https://www.onisep.fr/http/redirection/formation/slug/FOR.12028;mécanique/automatismes | mécanique/automobile | informatique, Internet/bases de données | électricité, électronique, robotique/électronique | matières premières, fabrication, industries/fonction production (généralités) | informatique, Internet/informatique (généralités) | information-communication, audiovisuel/multimédia | armée, sécurité/sécurité, prévention | informatique, Internet/systèmes et réseaux | électricité, électronique, robotique/télécommunications | logistique, transport/transport;03/10/2025;12/05/2026
334;43033402;;classe de 2de spécifique;classe de 2de spécifique conduisant au bac STHR Sciences et technologies de l'hôtellerie et de la restauration;STHR;1 an;seconde;;0;non inscrit au RNCP;Ministère chargé de l'Éducation nationale;https://www.onisep.fr/http/redirection/formation/slug/FOR.5432;hôtellerie-restauration, tourisme/hôtellerie | hôtellerie-restauration, tourisme/restauration;06/06/2020;29/05/2026
335;35533514;DEUST;diplôme d'études universitaires scientifiques et techniques;DEUST action, commercialisation des services sportifs;;2 ans;bac + 2;35952;3;niveau 5;Ministère de l'Enseignement supérieur et de la Recherche;https://www.onisep.fr/http/redirection/formation/slug/FOR.3820;commerce, marketing, vente/marketing, vente | santé, social, sport/sport;06/06/2020;19/09/2024
;;;formation d'école spécialisée;cycle préparatoire PCSI-PSI CPE Lyon asssocié à l'Institution les Chartreux Lyon / Sciences du numérique;CPE Lyon;2 ans;bac + 2;;0;non inscrit au RNCP;non renseigné;https://www.onisep.fr/http/redirection/formation/slug/FOR.8789;sciences/chimie | matières premières, fabrication, industries/génie industriel | informatique, Internet/informatique (généralités) | sciences/mathématiques | sciences/physique;03/05/2023;24/04/2025
234;46T23401;TP;titre professionnel;TP technicien d'études en construction bois;;2 ans;bac ou équivalent;41531;4;niveau 4;Ministère du travail, de l'emploi et du dialogue social;https://www.onisep.fr/http/redirection/formation/slug/FOR.12195;matières premières, fabrication, industries/bois | construction, architecture, travaux publics/bureau d'études BTP | construction, architecture, travaux publics/charpente, couverture | construction, architecture, travaux publics/menuiserie;24/11/2025;04/02/2026
127;;;master;master mention théologie protestante;;2 ans;bac + 5;39471;1;niveau 7;Ministère de l'Enseignement supérieur et de la Recherche;https://www.onisep.fr/http/redirection/formation/slug/FOR.5039;histoire-géographie, psychologie, sociologie/philosophie;06/06/2020;29/08/2024
326;26X32616;;formation d'école spécialisée;chef de projets digitaux;;3 ans;bac + 3;35541;2;niveau 6;non renseigné;https://www.onisep.fr/http/redirection/formation/slug/FOR.1836;informatique, Internet/développement, programmation, logiciel | commerce, marketing, vente/grande distribution et petits commerces | commerce, marketing, vente/marketing, vente | information-communication, audiovisuel/multimédia;06/06/2020;22/04/2026
117;;;formation d'école spécialisée;technicien supérieur instruments et installations de la météorologie;TSI;2 ans;bac + 2;;0;non inscrit au RNCP;non renseigné;https://www.onisep.fr/http/redirection/formation/slug/FOR.3956;sciences/physique | sciences/sciences de la Terre;06/06/2020;02/10/2020
210;;;diplôme d'ingénieur;diplôme d'ingénieur de l'École nationale supérieure d'agronomie et des industries alimentaires de l'université de Lorraine spécialité agronomie;ENSAIA;3 ans;bac + 5;37958;1;niveau 7;Ministère de l'Enseignement supérieur et de la Recherche;https://www.onisep.fr/http/redirection/formation/slug/FOR.5597;commerce, marketing, vente/achat, approvisionnement | agriculture, animaux/agriculture (généralités) | matières premières, fabrication, industries/agroalimentaire | environnement, énergies, propreté/aménagement du territoire | sciences/biologie | matières premières, fabrication, industries/bois | agriculture, animaux/cultures | environnement, énergies, propreté/environnement (généralités) | matières premières, fabrication, industries/fonction production (généralités) | logistique, transport/logistique;06/06/2020;21/05/2026
333 | 133;;;diplôme d'État en art;diplôme d'État de professeur de théâtre;;2 ans;bac + 2;38370;3;niveau 5;Ministère de la Culture et de la communication;https://www.onisep.fr/http/redirection/formation/slug/FOR.9578;arts, culture, artisanat/arts du spectacle | lettres, langues, enseignement/enseignement;18/12/2023;08/06/2026
334 | 312;;;formation d'école spécialisée;Master of Science International Hospitality;;2 ans;bac + 5;;0;non inscrit au RNCP;non renseigné;https://www.onisep.fr/http/redirection/formation/slug/FOR.9689;hôtellerie-restauration, tourisme/hôtellerie | hôtellerie-restauration, tourisme/tourisme;11/01/2024;30/10/2024
110;;CPGE;classe préparatoire scientifique et technologique;classe préparatoire technologie et biologie (TB), 2e année;;1 an;bac + 2;;0;non inscrit au RNCP;Ministère de l'Enseignement supérieur et de la Recherche;https://www.onisep.fr/http/redirection/formation/slug/FOR.1339;sciences/biologie;06/06/2020;02/06/2026
312;16X31248;;formation d'école spécialisée;manager de la stratégie marketing  (IDRAC);;2 ans;bac + 5;40592;1;niveau 7;non renseigné;https://www.onisep.fr/http/redirection/formation/slug/FOR.11438;gestion des entreprises, comptabilité/administration de l'entreprise | commerce, marketing, vente/marketing, vente | hôtellerie-restauration, tourisme/tourisme;22/05/2025;20/10/2025
315;26X31541;;formation d'école spécialisée;chargé de missions en ressources humaines (ISCG);;1 an;bac + 3;40853;2;niveau 6;non renseigné;https://www.onisep.fr/http/redirection/formation/slug/FOR.11657;gestion des entreprises, comptabilité/ressources humaines;11/07/2025;25/02/2026
242;;;formation d'école spécialisée;Arts Fashion Styling and Photography and Film;;1 an;bac + 1;;0;non inscrit au RNCP;non renseigné;https://www.onisep.fr/http/redirection/formation/slug/FOR.3674;arts, culture, artisanat/arts graphiques | information-communication, audiovisuel/audiovisuel;06/06/2020;30/10/2024
326;16X3260F;;formation d'école spécialisée;expert en architecture des systèmes d'information;;2 ans;bac + 5;39582;1;niveau 7;non renseigné;https://www.onisep.fr/http/redirection/formation/slug/FOR.11986;informatique, Internet/systèmes et réseaux;01/10/2025;03/10/2025
124 | 326 | 118;13512406;;master;master mention sciences cognitives;;2 ans;bac + 5;38967;1;niveau 7;Ministère de l'Enseignement supérieur et de la Recherche;https://www.onisep.fr/http/redirection/formation/slug/FOR.10325;histoire-géographie, psychologie, sociologie/psychologie;17/07/2024;07/10/2024
233;;;formation d'école spécialisée;concepteur architecte d'intérieur;;5 ans;bac + 5;40267;1;niveau 7;non renseigné;https://www.onisep.fr/http/redirection/formation/slug/FOR.11569;arts, culture, artisanat/arts appliqués;24/06/2025;24/06/2025
315;26X31504;;formation d'école spécialisée;responsable de gestion des ressources humaines (IPAC);;3 ans;bac + 3;40863;2;niveau 6;non renseigné;https://www.onisep.fr/http/redirection/formation/slug/FOR.11684;gestion des entreprises, comptabilité/ressources humaines;17/07/2025;26/02/2026
313;16031301;;formation d'école spécialisée;diplôme supérieur en immobilier;;2 ans;bac + 5;41903;1;niveau 7;non renseigné;https://www.onisep.fr/http/redirection/formation/slug/FOR.12748;banque, assurances, immobilier/immobilier;22/06/2026;22/06/2026
;;;formation d'école spécialisée;bachelor Game Design;;3 ans;bac + 3;;0;non inscrit au RNCP;non renseigné;https://www.onisep.fr/http/redirection/formation/slug/FOR.9384;information-communication, audiovisuel/multimédia;04/12/2023;30/10/2024
115;;;formation d'école spécialisée;Master of Science Aeronautic and Space, Major Turbulence;;2 ans;bac + 5;;0;non inscrit au RNCP;Ministère de l'Enseignement supérieur et de la Recherche;https://www.onisep.fr/http/redirection/formation/slug/FOR.1963;sciences/physique;06/06/2020;25/02/2026
250 | 201 | 252;17025006;;diplôme d'ingénieur;diplôme d'ingénieur du CNAM spécialité mécatronique;EICnam;3 ans;bac + 5;39055;1;niveau 7;Ministère de l'Enseignement supérieur et de la Recherche;https://www.onisep.fr/http/redirection/formation/slug/FOR.10620;mécanique/automatismes | mécanique/automobile | matières premières, fabrication, industries/maintenance, qualité;29/10/2024;30/10/2025
201;50020101;CAP;certificat d'aptitude professionnelle;CAP conducteur d'installations de production;CIP;2 ans;CAP ou équivalent;36429;5;niveau 3;Ministère chargé de l'Éducation nationale;https://www.onisep.fr/http/redirection/formation/slug/FOR.4353;mécanique/automatismes;06/06/2020;17/04/2026
212;40021204;;baccalauréat professionnel;bac pro cultures marines;;3 ans;bac ou équivalent;40097;4;niveau 4;Ministère chargé de la transition écologique et de l'aménagement du territoire;https://www.onisep.fr/http/redirection/formation/slug/FOR.1083;agriculture, animaux/élevage, aquaculture;06/06/2020;11/06/2026
331 | 118;25133101;BUT;bachelor universitaire de technologie;BUT génie biologique parcours biologie médicale et biotechnologie;BMB;3 ans;bac + 3;41634;2;niveau 6;Ministère de l'Enseignement supérieur et de la Recherche;https://www.onisep.fr/http/redirection/formation/slug/FOR.7839;sciences/biologie;03/07/2022;12/03/2026
201;1702010G;;diplôme d'ingénieur;diplôme d'ingénieur de l'École nationale supérieure Mines-Télécom Lille Douai spécialité génie industriel;IMT;3 ans;bac + 5;41152;1;niveau 7;Ministère de l'Enseignement supérieur et de la Recherche;https://www.onisep.fr/http/redirection/formation/slug/FOR.11970;gestion des entreprises, comptabilité/administration de l'entreprise | mécanique/automatismes | matières premières, fabrication, industries/fabrication, productique | matières premières, fabrication, industries/fonction production (généralités) | matières premières, fabrication, industries/génie industriel | logistique, transport/logistique | matières premières, fabrication, industries/maintenance, qualité | matières premières, fabrication, industries/méthodes industrialisation;30/09/2025;04/02/2026
200 | 220 | 300;;;diplôme d'ingénieur;diplôme d'ingénieur de l'École polytechnique universitaire d'Angers de l'université d'Angers spécialité génie biologique et santé;Polytech;3 ans;bac + 5;42275;1;niveau 7;Ministère de l'Enseignement supérieur et de la Recherche;https://www.onisep.fr/http/redirection/formation/slug/FOR.6227;matières premières, fabrication, industries/études et développement | matières premières, fabrication, industries/fonction production (généralités) | santé, social, sport/médical | santé, social, sport/paramédical | santé, social, sport/santé (généralités) | armée, sécurité/sécurité, prévention;06/06/2020;23/06/2026
200;;;formation d'école spécialisée;designer concepteur industriel option produit;;5 ans;bac + 5;40890;1;niveau 7;non renseigné;https://www.onisep.fr/http/redirection/formation/slug/FOR.11663;arts, culture, artisanat/arts graphiques;15/07/2025;03/09/2025
326;1703260F;;diplôme d'ingénieur;diplôme d'ingénieur de l'École nationale supérieure Mines-Télécom Lille Douai spécialité télécommunications et informatique;IMT;3 ans;bac + 5;41153;1;niveau 7;Ministère de l'Enseignement supérieur et de la Recherche;https://www.onisep.fr/http/redirection/formation/slug/FOR.11952;mécanique/aéronautique | informatique, Internet/informatique (généralités) | électricité, électronique, robotique/télécommunications;26/09/2025;12/05/2026
326;26X32667;;formation d'école spécialisée;Product Builder no code/low code;;1 an;bac + 3;42057;2;niveau 6;non renseigné;https://www.onisep.fr/http/redirection/formation/slug/FOR.12673;informatique, Internet/développement, programmation, logiciel | informatique, Internet/systèmes et réseaux;03/06/2026;17/06/2026
310 | 312;26X31033;;diplôme d'école de commerce visé (bac + 3);diplôme supérieur en commerce et marketing opérationnel;;3 ans;bac + 3;41042;2;niveau 6;Ministère de l'Enseignement supérieur et de la Recherche;https://www.onisep.fr/http/redirection/formation/slug/FOR.11813;commerce, marketing, vente/marketing, vente;05/09/2025;12/05/2026
110 | 200 | 326;;;diplôme d'ingénieur;diplôme d'ingénieur de l'École d'ingénieurs de l'université de Toulon;SeaTech;3 ans;bac + 5;40081;1;niveau 7;Ministère de l'Enseignement supérieur et de la Recherche;https://www.onisep.fr/http/redirection/formation/slug/FOR.5311;mécanique/aéronautique | mécanique/automatismes | informatique, Internet/bases de données | matières premières, fabrication, industries/céramique, composites | mécanique/construction navale | informatique, Internet/développement, programmation, logiciel | électricité, électronique, robotique/électronique | environnement, énergies, propreté/énergies | environnement, énergies, propreté/environnement (généralités) | matières premières, fabrication, industries/études et développement | matières premières, fabrication, industries/fonction production (généralités) | informatique, Internet/informatique (généralités) | matières premières, fabrication, industries/matériaux | sciences/mathématiques | sciences/physique | sciences/sciences de la Terre | informatique, Internet/systèmes et réseaux | électricité, électronique, robotique/télécommunications | construction, architecture, travaux publics/travaux publics;06/06/2020;14/04/2026
116 | 117 | 231;;;diplôme d'ingénieur;diplôme d'ingénieur de l'École nationale supérieure d'ingénieurs de Poitiers de l'université de Poitiers spécialité génie de l'eau et génie civil;ENSIP;3 ans;bac + 5;39454;1;niveau 7;Ministère de l'Enseignement supérieur et de la Recherche;https://www.onisep.fr/http/redirection/formation/slug/FOR.5309;environnement, énergies, propreté/aménagement du territoire | sciences/chimie | environnement, énergies, propreté/déchets, pollutions et risques | environnement, énergies, propreté/énergies | environnement, énergies, propreté/environnement (généralités) | construction, architecture, travaux publics/génie civil | construction, architecture, travaux publics/génie civil, construction (généralités) | environnement, énergies, propreté/gestion de l'eau | matières premières, fabrication, industries/matériaux | matières premières, fabrication, industries/mines et carrières | sciences/sciences de la Terre;06/06/2020;14/04/2026
232 | 227;36X23204;;formation d'école spécialisée;chef de projet en rénovation énergétique;;1 an;bac + 2;38521;3;niveau 5;non renseigné;https://www.onisep.fr/http/redirection/formation/slug/FOR.12693;environnement, énergies, propreté/énergies | environnement, énergies, propreté/environnement (généralités) | construction, architecture, travaux publics/génie civil, construction (généralités);09/06/2026;09/06/2026
201;36T20105;TP;titre professionnel;TP technicien supérieur de maintenance d'éoliennes;;2 ans;bac + 2;41534;3;niveau 5;Ministère du travail, de l'emploi et du dialogue social;https://www.onisep.fr/http/redirection/formation/slug/FOR.12275;électricité, électronique, robotique/électrotechnique | environnement, énergies, propreté/énergies | matières premières, fabrication, industries/maintenance, qualité;18/12/2025;18/12/2025
311;25131102;BUT;bachelor universitaire de technologie;BUT management de la logistique et des transports parcours mobilité et supply chain durables;MLT;3 ans;bac + 3;41590;2;niveau 6;Ministère de l'Enseignement supérieur et de la Recherche;https://www.onisep.fr/http/redirection/formation/slug/FOR.7910;logistique, transport/logistique | logistique, transport/transport;19/07/2022;12/03/2026
210 | 113 | 221;26521004;;bachelor en sciences et ingénierie;bachelor en sciences et ingénierie -  agronomie agroalimentaire (ESA);;3 ans;bac + 3;40433;2;niveau 6;Ministère de l'Enseignement supérieur et de la Recherche;https://www.onisep.fr/http/redirection/formation/slug/FOR.6800;agriculture, animaux/agriculture (généralités) | matières premières, fabrication, industries/agroalimentaire | environnement, énergies, propreté/aménagement du territoire;17/01/2021;01/04/2026
323;;;diplôme d'établissement en art;diplôme supérieur des métiers du son du CNSMD de Paris;;4 ans;bac + 5;;1;niveau 7;Ministère de la Culture et de la communication;https://www.onisep.fr/http/redirection/formation/slug/FOR.347;arts, culture, artisanat/arts du spectacle | information-communication, audiovisuel/audiovisuel;06/06/2020;04/12/2025
326;24632601;;formation d'école spécialisée;concepteur intégrateur d'infrastructures informatiques (systèmes et réseaux, applicatives, ou de sécurité);;1 an;bac + 3;38461;2;niveau 6;non renseigné;https://www.onisep.fr/http/redirection/formation/slug/FOR.10962;informatique, Internet/développement, programmation, logiciel | informatique, Internet/informatique (généralités) | matières premières, fabrication, industries/maintenance, qualité | informatique, Internet/systèmes et réseaux;15/01/2025;03/02/2025
326 | 320;16X32043;;formation d'école spécialisée;expert en transformation digitale et technologique no-code;;2 ans;bac + 5;39762;1;niveau 7;non renseigné;https://www.onisep.fr/http/redirection/formation/slug/FOR.12619;informatique, Internet/développement, programmation, logiciel | informatique, Internet/informatique (généralités);13/05/2026;13/05/2026
230 | 134 | 200;24123001;DN MADE;diplôme national des métiers d'art et du design;DN MADE mention instrument;;3 ans;bac + 3;36945;2;niveau 6;Ministère de l'Enseignement supérieur et de la Recherche;https://www.onisep.fr/http/redirection/formation/slug/FOR.5498;arts, culture, artisanat/artisanat d'art | mécanique/mécanique (généralités);06/06/2020;05/06/2026
122;13512237;;master;master mention économie appliquée;;2 ans;bac + 5;39009;1;niveau 7;Ministère de l'Enseignement supérieur et de la Recherche;https://www.onisep.fr/http/redirection/formation/slug/FOR.10311;économie, droit, politique/sciences économiques;16/07/2024;01/08/2024
310;16X31039;mastère spé.;mastère spécialisé;mastère spé. manager marketing et communication;;1 an;bac + 6;38133;1;niveau 7;non renseigné;https://www.onisep.fr/http/redirection/formation/slug/FOR.9646;gestion des entreprises, comptabilité/administration de l'entreprise | information-communication, audiovisuel/communication | commerce, marketing, vente/marketing, vente;02/01/2024;13/11/2024
310 | 312;26531002;;diplôme d'école de commerce visé (bac + 3);bachelor en sciences du management - diplôme de management international;;3 ans;bac + 3;38763;2;niveau 6;Ministère de l'Enseignement supérieur et de la Recherche;https://www.onisep.fr/http/redirection/formation/slug/FOR.8837;gestion des entreprises, comptabilité/administration de l'entreprise | commerce, marketing, vente/commerce international | commerce, marketing, vente/marketing, vente;10/05/2023;25/07/2025
325;13532505;;master;master mention sciences de l'information et des bibliothèques;;2 ans;bac + 5;38199;1;niveau 7;Ministère de l'Enseignement supérieur et de la Recherche;https://www.onisep.fr/http/redirection/formation/slug/FOR.9729;information-communication, audiovisuel/bibliothèque, documentation;26/01/2024;13/06/2025
128;1351281N;;master;master mention droit;;2 ans;bac + 5;38158;1;niveau 7;Ministère de l'Enseignement supérieur et de la Recherche;https://www.onisep.fr/http/redirection/formation/slug/FOR.9615;économie, droit, politique/droit (généralités);19/12/2023;16/12/2024
335;33633502;DEJEPS;diplôme d'État de la jeunesse, de l'éducation populaire et du sport;DEJEPS spécialité perfectionnement sportif mention athlétisme et disciplines associées;;2 ans;bac + 2;39659;3;niveau 5;Ministère chargé des sports;https://www.onisep.fr/http/redirection/formation/slug/FOR.10497;santé, social, sport/sport;11/09/2024;13/02/2025
252;50025222;CAP;certificat d'aptitude professionnelle;CAP maintenance des matériels option B matériels de construction et de manutention;;2 ans;CAP ou équivalent;39330;5;niveau 3;Ministère chargé de l'Éducation nationale;https://www.onisep.fr/http/redirection/formation/slug/FOR.5709;mécanique/engins | matières premières, fabrication, industries/maintenance, qualité | mécanique/mécanique (généralités);06/06/2020;04/06/2026
313;26X31318;;formation d'école spécialisée;responsable de programmes immobiliers;;1 an;bac + 3;38907;2;niveau 6;non renseigné;https://www.onisep.fr/http/redirection/formation/slug/FOR.10143;environnement, énergies, propreté/aménagement du territoire | économie, droit, politique/droit privé | banque, assurances, immobilier/immobilier | environnement, énergies, propreté/urbanisme;07/06/2024;11/06/2024
335;23633503;DESJEPS;diplôme d'État supérieur de la jeunesse, de l'éducation populaire et du sport;DESJEPS spécialité performance sportive mention basket-ball;;2 ans;bac + 3;36828;2;niveau 6;Ministère chargé des sports;https://www.onisep.fr/http/redirection/formation/slug/FOR.9931;santé, social, sport/sport;22/03/2024;29/07/2024
335;20533511;;licence;licence mention sciences et techniques des activités physiques et sportives entrainement sportif;STAPS - ES;3 ans;bac + 3;35946;2;niveau 6;Ministère de l'Enseignement supérieur et de la Recherche;https://www.onisep.fr/http/redirection/formation/slug/FOR.4831;sciences/biologie | santé, social, sport/sport;06/06/2020;03/06/2026
233;;FCIL;formation complémentaire d'initiative locale;FCIL maintenance du bâtiment;;1 an;CAP ou équivalent + 1 an;;0;non inscrit au RNCP;non renseigné;https://www.onisep.fr/http/redirection/formation/slug/FOR.7564;électricité, électronique, robotique/électrotechnique | construction, architecture, travaux publics/équipement technique | construction, architecture, travaux publics/finition | banque, assurances, immobilier/immobilier | matières premières, fabrication, industries/maintenance, qualité | construction, architecture, travaux publics/menuiserie;10/03/2022;02/05/2024
332;;;diplôme d'État du travail social;diplôme d'État d'assistant familial;DEAF;2 ans;bac ou équivalent;41758;4;niveau 4;Ministère chargé des solidarités et de la cohésion sociale;https://www.onisep.fr/http/redirection/formation/slug/FOR.12422;santé, social, sport/travail social;04/02/2026;18/06/2026
323;;;formation d'école spécialisée;bachelor technicien du son;;3 ans;bac + 3;;0;non inscrit au RNCP;non renseigné;https://www.onisep.fr/http/redirection/formation/slug/FOR.10250;arts, culture, artisanat/arts du spectacle | information-communication, audiovisuel/audiovisuel;01/07/2024;16/07/2024
311 | 310;35531101;DEUST;diplôme d'études universitaires scientifiques et techniques;DEUST métiers de la supply chain et du transport international durables;;2 ans;bac + 2;38660;3;niveau 5;Ministère de l'Enseignement supérieur et de la Recherche;https://www.onisep.fr/http/redirection/formation/slug/FOR.10941;environnement, énergies, propreté/environnement (généralités) | logistique, transport/logistique | logistique, transport/transport;13/01/2025;10/03/2026
230;;;diplôme des écoles d'architecture;diplôme de spécialisation et d'approfondissement en architecture et projet urbain;DSA;2 ans;bac + 7;;1;niveau 7;Ministère de la Culture et de la communication;https://www.onisep.fr/http/redirection/formation/slug/FOR.2870;construction, architecture, travaux publics/architecture | environnement, énergies, propreté/urbanisme;06/06/2020;28/10/2024
313;;;magistère;magistère économie et finance internationales;MAGEFI;3 ans;bac + 5;;0;non inscrit au RNCP;Ministère de l'Enseignement supérieur et de la Recherche;https://www.onisep.fr/http/redirection/formation/slug/FOR.721;gestion des entreprises, comptabilité/administration de l'entreprise | banque, assurances, immobilier/banque | commerce, marketing, vente/commerce international | banque, assurances, immobilier/finances | économie, droit, politique/sciences économiques;06/06/2020;20/01/2026
213;46321304;CS;certificat de spécialisation (agriculture);CS techniques cynégétiques;;1 an;bac + 1;39284;4;niveau 4;Ministère de l'agriculture, de l'agro-alimentaire et de la souveraineté alimentaire;https://www.onisep.fr/http/redirection/formation/slug/FOR.10796;environnement, énergies, propreté/protection des espaces naturels;02/12/2024;05/12/2025
326;;MSc;Master of Science;MSc Data Management and AI;;2 ans;bac + 5;;0;non inscrit au RNCP;non renseigné;https://www.onisep.fr/http/redirection/formation/slug/FOR.10974;informatique, Internet/bases de données | informatique, Internet/informatique (généralités) | informatique, Internet/systèmes et réseaux;21/01/2025;29/01/2025
132;;;formation d'école spécialisée;année préparatoire dessinateur de bande dessinée - Illustrateur - Concept Artist;;1 an;bac ou équivalent;;0;non inscrit au RNCP;non renseigné;https://www.onisep.fr/http/redirection/formation/slug/FOR.9280;arts, culture, artisanat/arts graphiques | arts, culture, artisanat/arts plastiques;17/10/2023;26/09/2025
312;13531260;;master;master mention administration et échanges internationaux;;2 ans;bac + 5;40984;1;niveau 7;Ministère de l'Enseignement supérieur et de la Recherche;https://www.onisep.fr/http/redirection/formation/slug/FOR.4924;commerce, marketing, vente/commerce international;06/06/2020;04/07/2025
;;;formation d'école spécialisée;cycle préparatoire JUNIA ISEN associé au lycée Jean XXIII (Metz) - prépa associée avec parcours sécurisé ouvert MPSI-PSI;JUNIA ISEN;2 ans;bac + 2;;0;non inscrit au RNCP;non renseigné;https://www.onisep.fr/http/redirection/formation/slug/FOR.10093;matières premières, fabrication, industries/génie industriel | informatique, Internet/informatique (généralités) | sciences/mathématiques | sciences/physique;28/05/2024;03/10/2025
230 | 232 | 233;25123002;BUT;bachelor universitaire de technologie;BUT génie civil - construction durable parcours travaux bâtiment;GC-CD - TB;3 ans;bac + 3;41574;2;niveau 6;Ministère de l'Enseignement supérieur et de la Recherche;https://www.onisep.fr/http/redirection/formation/slug/FOR.7992;construction, architecture, travaux publics/bureau d'études BTP | construction, architecture, travaux publics/génie civil | construction, architecture, travaux publics/génie civil, construction (généralités) | construction, architecture, travaux publics/travaux publics;21/07/2022;12/03/2026
232;;mastère spé.;mastère spécialisé;mastère spé. adaptation des bâtiments au changement climatique : processus BIM et Facility Management;;1 an;bac + 6;;0;non inscrit au RNCP;non renseigné;https://www.onisep.fr/http/redirection/formation/slug/FOR.10547;construction, architecture, travaux publics/bureau d'études BTP | environnement, énergies, propreté/énergies | environnement, énergies, propreté/environnement (généralités) | construction, architecture, travaux publics/équipement technique | construction, architecture, travaux publics/génie civil, construction (généralités) | banque, assurances, immobilier/immobilier | informatique, Internet/informatique industrielle et technologique | matières premières, fabrication, industries/maintenance, qualité | information-communication, audiovisuel/multimédia;01/10/2024;14/10/2024
201;36R2010A;;formation d'école spécialisée;technicien spécialisé en systèmes numériques industriels;;2 ans;bac + 2;38924;3;niveau 5;non renseigné;https://www.onisep.fr/http/redirection/formation/slug/FOR.10323;mécanique/automatismes | électricité, électronique, robotique/électrotechnique | matières premières, fabrication, industries/maintenance, qualité | mécanique/mécanique (généralités);17/07/2024;30/08/2024
323;;;formation d'école spécialisée;monteur - effets spéciaux d'oeuvres cinématographiques ou audiovisuelles;;3 ans;bac + 3;39751;2;niveau 6;Ministère de l'Enseignement supérieur et de la Recherche;https://www.onisep.fr/http/redirection/formation/slug/FOR.10765;information-communication, audiovisuel/audiovisuel;21/11/2024;21/11/2024
201 | 326;26X20107;;formation d'école spécialisée;technicien spécialisé en systèmes IT/OT sécurisés pour l'industrie ou les infrastructures urbaines;;3 ans;bac + 3;40564;2;niveau 6;non renseigné;https://www.onisep.fr/http/redirection/formation/slug/FOR.12078;information-communication, audiovisuel/multimédia | armée, sécurité/sécurité, prévention | informatique, Internet/systèmes et réseaux | environnement, énergies, propreté/urbanisme;09/10/2025;03/04/2026
324;;;préparation aux concours de la fonction publique;préparation au concours d'adjoint administratif territorial;;1 an;non renseigné;;0;non inscrit au RNCP;non renseigné;https://www.onisep.fr/http/redirection/formation/slug/FOR.2349;gestion des entreprises, comptabilité/secrétariat;06/06/2020;13/06/2025
200;;;formation d'école spécialisée;diplôme d'innovation et design;;1 an;bac + 5;;0;non inscrit au RNCP;non renseigné;https://www.onisep.fr/http/redirection/formation/slug/FOR.1687;arts, culture, artisanat/arts graphiques;06/06/2020;12/05/2022
335;;;diplôme professionnel de l'animation et du sport;brevet national de pisteur secouriste 1er degré option ski nordique;BNPS;1 an;non renseigné;;0;non inscrit au RNCP;Ministère de l'Intérieur;https://www.onisep.fr/http/redirection/formation/slug/FOR.8930;santé, social, sport/paramédical | armée, sécurité/sécurité, prévention | santé, social, sport/sport;16/06/2023;26/03/2026
214;46321409;CS;certificat de spécialisation (agriculture);CS arrosage automatique : espaces verts et sols sportifs;;1 an;bac + 1;41900;4;niveau 4;Ministère de l'agriculture, de l'agro-alimentaire et de la souveraineté alimentaire;https://www.onisep.fr/http/redirection/formation/slug/FOR.6894;agriculture, animaux/agriculture (généralités) | environnement, énergies, propreté/aménagement paysager;24/02/2021;16/06/2026
227;25122701;BUT;bachelor universitaire de technologie;BUT génie civil - construction durable parcours réhabilitation et amélioration des performances environnementales des bâtiments;GC-CD  - RAPEB;3 ans;bac + 3;41573;2;niveau 6;Ministère de l'Enseignement supérieur et de la Recherche;https://www.onisep.fr/http/redirection/formation/slug/FOR.7991;construction, architecture, travaux publics/bureau d'études BTP | environnement, énergies, propreté/énergies | environnement, énergies, propreté/environnement (généralités) | construction, architecture, travaux publics/génie civil | construction, architecture, travaux publics/génie civil, construction (généralités) | construction, architecture, travaux publics/travaux publics;21/07/2022;12/03/2026
;;;formation d'école spécialisée;maquilleur professionnel;;1 an;non renseigné;;0;non inscrit au RNCP;non renseigné;https://www.onisep.fr/http/redirection/formation/slug/FOR.6624;santé, social, sport/esthétique;14/10/2020;05/03/2025
251;50025136;CAP;certificat d'aptitude professionnelle;CAP armurerie (fabrication et réparation);;2 ans;CAP ou équivalent;38394;5;niveau 3;Ministère chargé de l'Éducation nationale;https://www.onisep.fr/http/redirection/formation/slug/FOR.480;mécanique/mécanique (généralités) | mécanique/travail des métaux;06/06/2020;28/05/2026
230;46R2300A;;formation d'école spécialisée;vendeur agenceur de cuisine, salle de bains et rangement;;2 ans;bac ou équivalent;41465;4;niveau 4;non renseigné;https://www.onisep.fr/http/redirection/formation/slug/FOR.12290;construction, architecture, travaux publics/agencement | construction, architecture, travaux publics/ameublement | construction, architecture, travaux publics/génie civil, construction (généralités) | commerce, marketing, vente/grande distribution et petits commerces | commerce, marketing, vente/marketing, vente;19/12/2025;28/01/2026
132;16X13201;;formation d'école spécialisée;directeur artistique de projets en communication visuelle;;2 ans;bac + 5;39251;1;niveau 7;non renseigné;https://www.onisep.fr/http/redirection/formation/slug/FOR.10567;arts, culture, artisanat/arts graphiques | arts, culture, artisanat/arts plastiques;07/10/2024;07/10/2024
335;33633514;DEJEPS;diplôme d'État de la jeunesse, de l'éducation populaire et du sport;DEJEPS spécialité perfectionnement sportif mention triathlon et disciplines enchaînées;;2 ans;bac + 2;36830;3;niveau 5;Ministère chargé des sports;https://www.onisep.fr/http/redirection/formation/slug/FOR.7402;santé, social, sport/sport;17/01/2022;05/02/2026
;;CPI;cycle préparatoire intégré;cycle préparatoire intégré UTC - tronc commun;UTC;2 ans;bac + 2;;0;non inscrit au RNCP;non renseigné;https://www.onisep.fr/http/redirection/formation/slug/FOR.9135;sciences/chimie | environnement, énergies, propreté/environnement (généralités) | matières premières, fabrication, industries/fonction production (généralités) | informatique, Internet/informatique (généralités) | sciences/mathématiques | matières premières, fabrication, industries/méthodes industrialisation | sciences/physique;01/09/2023;12/02/2026
310;;;formation d'école spécialisée;commerce international;DMAI;2 ans;bac + 5;;0;non inscrit au RNCP;non renseigné;https://www.onisep.fr/http/redirection/formation/slug/FOR.3293;gestion des entreprises, comptabilité/administration de l'entreprise | commerce, marketing, vente/commerce international;06/06/2020;28/11/2023
326;36X32613;;formation d'école spécialisée;développeur informatique (CESI);;2 ans;bac + 2;39623;3;niveau 5;non renseigné;https://www.onisep.fr/http/redirection/formation/slug/FOR.10853;informatique, Internet/informatique (généralités);13/12/2024;13/12/2024
315;36X31507;;formation d'école spécialisée;assistant en ressources humaines (Ifocop);;1 an;bac + 2;38045;3;niveau 5;non renseigné;https://www.onisep.fr/http/redirection/formation/slug/FOR.9329;gestion des entreprises, comptabilité/ressources humaines;13/11/2023;30/05/2024
213;;DEUST;diplôme d'études universitaires scientifiques et techniques;DEUST technicien de la mer et du littoral;;2 ans;bac + 2;40805;3;niveau 5;Ministère de l'Enseignement supérieur et de la Recherche;https://www.onisep.fr/http/redirection/formation/slug/FOR.11591;matières premières, fabrication, industries/agroalimentaire | environnement, énergies, propreté/déchets, pollutions et risques | agriculture, animaux/élevage, aquaculture | environnement, énergies, propreté/protection des espaces naturels;27/06/2025;02/07/2025
200;17020003;;diplôme d'ingénieur;diplôme d'ingénieur de l'École d'ingénieurs de l'université de Toulon spécialité matériaux;SeaTech;3 ans;bac + 5;39062;1;niveau 7;Ministère de l'Enseignement supérieur et de la Recherche;https://www.onisep.fr/http/redirection/formation/slug/FOR.5414;mécanique/aéronautique | arts, culture, artisanat/arts graphiques | mécanique/construction navale | environnement, énergies, propreté/énergies | matières premières, fabrication, industries/matériaux | sciences/physique;06/06/2020;24/11/2025
315;26X31501;;formation d'école spécialisée;chargé des ressources humaines (SUP DES RH);;1 an;bac + 3;35878;2;niveau 6;non renseigné;https://www.onisep.fr/http/redirection/formation/slug/FOR.7450;gestion des entreprises, comptabilité/ressources humaines;03/02/2022;26/05/2026
310;;mastère spé.;mastère spécialisé;mastère spé. juriste manager des affaires;;1 an;bac + 6;41680;1;niveau 7;non renseigné;https://www.onisep.fr/http/redirection/formation/slug/FOR.12319;gestion des entreprises, comptabilité/administration de l'entreprise | économie, droit, politique/droit privé;07/01/2026;07/01/2026
315;16X31501;;formation d'école spécialisée;manager des ressources humaines (Talis);;2 ans;bac + 5;40244;1;niveau 7;non renseigné;https://www.onisep.fr/http/redirection/formation/slug/FOR.11270;gestion des entreprises, comptabilité/administration de l'entreprise | gestion des entreprises, comptabilité/ressources humaines;01/04/2025;01/04/2025
134;;;classe de mise à niveau post bac;année préparatoire en arts appliqués aux métiers créatifs;;1 an;bac + 1;;0;non inscrit au RNCP;non renseigné;https://www.onisep.fr/http/redirection/formation/slug/FOR.2020;arts, culture, artisanat/arts appliqués | arts, culture, artisanat/arts graphiques;06/06/2020;10/03/2025
326;26532601;;bachelor en sciences et ingénierie;bachelor en sciences et ingénierie - informatique et systèmes numériques (CESI);;3 ans;bac + 3;40514;2;niveau 6;Ministère de l'Enseignement supérieur et de la Recherche;https://www.onisep.fr/http/redirection/formation/slug/FOR.10767;informatique, Internet/informatique (généralités) | information-communication, audiovisuel/multimédia;21/11/2024;12/05/2026
326;25132601;BUT;bachelor universitaire de technologie;BUT génie électrique et informatique industrielle parcours électronique et systèmes embarqués;GEII ÉSE;3 ans;bac + 3;41579;2;niveau 6;Ministère de l'Enseignement supérieur et de la Recherche;https://www.onisep.fr/http/redirection/formation/slug/FOR.7950;mécanique/automatismes | électricité, électronique, robotique/électronique | électricité, électronique, robotique/électrotechnique | environnement, énergies, propreté/énergies | informatique, Internet/informatique industrielle et technologique | informatique, Internet/systèmes et réseaux;20/07/2022;12/03/2026
332;26033210;;diplôme d'État du travail social;diplôme d'État d'éducateur spécialisé;DEES;3 ans;bac + 3;41747;2;niveau 6;Ministère de la Justice;https://www.onisep.fr/http/redirection/formation/slug/FOR.12199;santé, social, sport/travail social;24/11/2025;05/02/2026
200;;CPI;cycle préparatoire intégré;cycle préparatoire intégré - prépa intégrée 3iL Ingénieurs;3iL;2 ans;bac + 2;;0;non inscrit au RNCP;non renseigné;https://www.onisep.fr/http/redirection/formation/slug/FOR.7853;arts, culture, artisanat/arts graphiques | mécanique/automatismes | informatique, Internet/développement, programmation, logiciel | électricité, électronique, robotique/électronique | informatique, Internet/informatique (généralités) | sciences/mathématiques | mécanique/mécanique (généralités) | sciences/physique | électricité, électronique, robotique/télécommunications;05/07/2022;26/09/2025
314;46T31401;TP;titre professionnel;TP comptable assistant;;1 an;bac ou équivalent;37121;4;niveau 4;Ministère du travail, de l'emploi et du dialogue social;https://www.onisep.fr/http/redirection/formation/slug/FOR.8664;gestion des entreprises, comptabilité/comptabilité | gestion des entreprises, comptabilité/secrétariat;09/03/2023;17/01/2025
313;26X31328;;formation d'école spécialisée;conseiller clientèle en banque et assurance;;1 an;bac + 3;39109;2;niveau 6;non renseigné;https://www.onisep.fr/http/redirection/formation/slug/FOR.11097;banque, assurances, immobilier/assurances | banque, assurances, immobilier/banque | commerce, marketing, vente/marketing, vente;07/02/2025;12/02/2025
201;;mastère spé.;mastère spécialisé;mastère spé. procédés du futur et robotisation (ESTIA - SIGMA Clermont);;1 an;bac + 6;;0;non inscrit au RNCP;non renseigné;https://www.onisep.fr/http/redirection/formation/slug/FOR.1602;mécanique/automatismes | matières premières, fabrication, industries/céramique, composites | matières premières, fabrication, industries/fonction production (généralités) | matières premières, fabrication, industries/méthodes industrialisation | sciences/physique | mécanique/travail des métaux;06/06/2020;12/02/2025
336;40033602;;baccalauréat professionnel;bac pro perruquier posticheur;;3 ans;bac ou équivalent;38308;4;niveau 4;Ministère chargé de l'Éducation nationale;https://www.onisep.fr/http/redirection/formation/slug/FOR.2943;santé, social, sport/esthétique | santé, social, sport/paramédical;06/06/2020;03/06/2026
331 | 122 | 315;13533128;;master;master mention économie et gestion de la santé;;2 ans;bac + 5;38868;1;niveau 7;Ministère de l'Enseignement supérieur et de la Recherche;https://www.onisep.fr/http/redirection/formation/slug/FOR.10136;santé, social, sport/santé (généralités);06/06/2024;12/06/2024
314;26X31406;;formation d'école spécialisée;chargé de gestion comptable et financière;;3 ans;bac + 3;41685;2;niveau 6;non renseigné;https://www.onisep.fr/http/redirection/formation/slug/FOR.12481;gestion des entreprises, comptabilité/ressources humaines;24/02/2026;24/02/2026
221;;MSc;Master of Science;MSc Culinary Leadership and Innovation;;2 ans;bac + 5;;0;non inscrit au RNCP;non renseigné;https://www.onisep.fr/http/redirection/formation/slug/FOR.10277;gestion des entreprises, comptabilité/administration de l'entreprise | hôtellerie-restauration, tourisme/restauration;10/07/2024;18/12/2024
252;;FCIL;formation complémentaire d'initiative locale;FCIL restauration de véhicules anciens;;1 an;bac + 1;;0;non inscrit au RNCP;non renseigné;https://www.onisep.fr/http/redirection/formation/slug/FOR.3929;mécanique/automobile;06/06/2020;01/04/2025
241;40124106;BMA;brevet des métiers d'art;BMA arts et techniques du tapis et de la tapisserie de lisse option D rentraiture de tapis;;2 ans;bac ou équivalent;42110;4;niveau 4;Ministère chargé de l'Éducation nationale;https://www.onisep.fr/http/redirection/formation/slug/FOR.6029;arts, culture, artisanat/artisanat d'art | arts, culture, artisanat/restauration d'art;06/06/2020;03/06/2026
312;;MSc;Master of Science;MSc International Business Development;;2 ans;bac + 5;;0;non inscrit au RNCP;non renseigné;https://www.onisep.fr/http/redirection/formation/slug/FOR.9586;commerce, marketing, vente/marketing, vente;18/12/2023;30/10/2024
323;;;formation d'école spécialisée;bachelor cinéma et VFX;;3 ans;bac + 3;;0;non inscrit au RNCP;non renseigné;https://www.onisep.fr/http/redirection/formation/slug/FOR.1902;information-communication, audiovisuel/audiovisuel;06/06/2020;21/03/2023
114 | 326 | 110;13511421;;master;master mention sciences des données;;2 ans;bac + 5;38739;1;niveau 7;Ministère de l'Enseignement supérieur et de la Recherche;https://www.onisep.fr/http/redirection/formation/slug/FOR.11886;informatique, Internet/bases de données;24/09/2025;09/10/2025
127;;DU;diplôme d'université;DU baccalauréat canonique de théologie;;5 ans;bac + 5;;0;non inscrit au RNCP;non renseigné;https://www.onisep.fr/http/redirection/formation/slug/FOR.746;histoire-géographie, psychologie, sociologie/philosophie;06/06/2020;18/02/2026
326;;;formation d'école spécialisée;Master of Science in Evolving Complex Software Systems (pour étudiants internationaux);ECSS;2 ans;bac + 5;;1;niveau 7;Ministère chargé de l'Éducation nationale;https://www.onisep.fr/http/redirection/formation/slug/FOR.2184;gestion des entreprises, comptabilité/administration de l'entreprise | informatique, Internet/développement, programmation, logiciel | informatique, Internet/systèmes et réseaux | santé, social, sport/travail social;06/06/2020;30/10/2024
320;26X32002;;formation d'école spécialisée;responsable projet communication;;3 ans;bac + 3;38125;2;niveau 6;non renseigné;https://www.onisep.fr/http/redirection/formation/slug/FOR.9704;information-communication, audiovisuel/communication;19/01/2024;26/02/2026
310;;DU;diplôme d'université;DU assistant manager commercial;;1 an;bac + 1;;0;non inscrit au RNCP;non renseigné;https://www.onisep.fr/http/redirection/formation/slug/FOR.10785;gestion des entreprises, comptabilité/administration de l'entreprise | informatique, Internet/bases de données | informatique, Internet/informatique (généralités) | commerce, marketing, vente/marketing, vente | gestion des entreprises, comptabilité/ressources humaines;25/11/2024;29/11/2024
323;;;diplôme d'établissement en art;diplôme de l'École nationale supérieure des métiers de l'image et du son (FEMIS) spécialité distribution - exploitation;;2 ans;bac + 5;;1;niveau 7;Ministère de la Culture et de la communication;https://www.onisep.fr/http/redirection/formation/slug/FOR.5830;information-communication, audiovisuel/audiovisuel;06/06/2020;30/05/2024
326;26532603;;bachelor en sciences et ingénierie;bachelor en sciences et ingénierie - multimédia et technologie de l'information;EFREI;3 ans;bac + 3;39548;2;niveau 6;Ministère de l'Enseignement supérieur et de la Recherche;https://www.onisep.fr/http/redirection/formation/slug/FOR.10261;matières premières, fabrication, industries/fonction production (généralités) | information-communication, audiovisuel/multimédia | information-communication, audiovisuel/technologies de l'information;04/07/2024;12/05/2026
200;;;formation d'école spécialisée;post diplôme design et recherche;;1 an;bac + 5;;0;non inscrit au RNCP;non renseigné;https://www.onisep.fr/http/redirection/formation/slug/FOR.1962;arts, culture, artisanat/arts graphiques | lettres, langues, enseignement/enseignement;06/06/2020;17/12/2025
314 | 315 | 310;;;formation d'école spécialisée;bachelor gestion d'entreprises et des organisations;;3 ans;bac + 3;;0;non inscrit au RNCP;non renseigné;https://www.onisep.fr/http/redirection/formation/slug/FOR.8913;gestion des entreprises, comptabilité/administration de l'entreprise | gestion des entreprises, comptabilité/comptabilité | économie, droit, politique/droit international | économie, droit, politique/droit public | économie, droit, politique/droit social | commerce, marketing, vente/marketing, vente | gestion des entreprises, comptabilité/ressources humaines | économie, droit, politique/sciences économiques;14/06/2023;26/09/2025
200;1702000K;;diplôme d'ingénieur;diplôme d'ingénieur de l'École polytechnique universitaire de l'université d'Orléans spécialité génie mécanique et production en partenariat avec l'ITII Centre-Val de Loire;Polytech;3 ans;bac + 5;42375;1;niveau 7;Ministère de l'Enseignement supérieur et de la Recherche;https://www.onisep.fr/http/redirection/formation/slug/FOR.12010;mécanique/automatismes | matières premières, fabrication, industries/fonction production (généralités) | informatique, Internet/informatique industrielle et technologique | matières premières, fabrication, industries/maintenance, qualité | mécanique/mécanique (généralités) | matières premières, fabrication, industries/méthodes industrialisation;02/10/2025;15/06/2026
224;50022425;CAP;certificat d'aptitude professionnelle;CAP arts et techniques du verre option vitrailliste;;2 ans;CAP ou équivalent;37302;5;niveau 3;Ministère chargé de l'Éducation nationale;https://www.onisep.fr/http/redirection/formation/slug/FOR.5917;arts, culture, artisanat/artisanat d'art;06/06/2020;05/06/2026
326;;;formation d'école spécialisée;bachelor développement web et mobile;;3 ans;bac + 3;;0;non inscrit au RNCP;non renseigné;https://www.onisep.fr/http/redirection/formation/slug/FOR.1561;informatique, Internet/développement, programmation, logiciel | information-communication, audiovisuel/multimédia | électricité, électronique, robotique/télécommunications;06/06/2020;13/11/2024
