libellé métier;lien site onisep.fr;nom publication;collection;année;gencod;GFE;code ROME;libellé ROME;lien ROME;domaine/sous-domaine;date création;date de modification
accompagnant / accompagnante d'élèves en situation de handicap;https://www.onisep.fr/http/redirection/metier/slug/MET.7829;Travailler auprès des enfants;Parcours;2023;9782273016780;GFE R : santé, social, soins personnels;K2104;Éducation et surveillance au sein d'établissements d'enseignement;https://candidat.francetravail.fr/metierscope/fiche-metier/K2104;santé, social, sport/travail social;23/05/2023;26/01/2026
administrateur / administratrice de base de données;https://www.onisep.fr/http/redirection/metier/slug/MET.14;Les métiers du numérique;Parcours;2025;9782273017060;GFE P : Gestion et traitement de l'information (informatique, statistique, documentation);M1801;Administration de systèmes d'information;https://candidat.francetravail.fr/metierscope/fiche-metier/M1801;informatique, Internet/bases de données| informatique, Internet/informatique (généralités)| matières premières, fabrication, industries/maintenance, qualité;06/06/2020;16/04/2026
agenceur / agenceuse de cuisines et salles de bains;https://www.onisep.fr/http/redirection/metier/slug/MET.405;Les métiers du bâtiment et des travaux publics;Parcours;2023;9782273016445;GFE C : bâtiment;H2206;Réalisation de menuiserie bois et tonnellerie;https://candidat.francetravail.fr/metierscope/fiche-metier/H2206;construction, architecture, travaux publics/agencement| construction, architecture, travaux publics/ameublement| matières premières, fabrication, industries/bois| construction, architecture, travaux publics/menuiserie;06/06/2020;04/06/2026
agent / agente de sécurité;https://www.onisep.fr/http/redirection/metier/slug/MET.347;Les métiers des grands événements culturels et sportifs;Zoom sur les métiers;2023;9782273016742;GFE T : environnement, nettoyage, sécurité;K2503;Sécurité et surveillance privées;https://candidat.francetravail.fr/metierscope/fiche-metier/K2503;armée, sécurité/sécurité, prévention;06/06/2020;28/05/2026
aide-chimiste;https://www.onisep.fr/http/redirection/metier/slug/MET.952;Les métiers de l'industrie du papier carton;Zoom sur les métiers;2025;9782273017244;GFE J : transformation des matériaux, procédés (biologie, chimie, physique);H1503;Intervention technique en laboratoire d'analyse industrielle;https://candidat.francetravail.fr/metierscope/fiche-metier/H1503;sciences/chimie;06/06/2020;22/05/2026
animateur / animatrice de tourisme;https://www.onisep.fr/http/redirection/metier/slug/MET.803;Les métiers du sport;Parcours;2024;9782273016988;GFE S : hôtellerie,  tourisme, loisirs;G1202;Animation d'activités culturelles ou ludiques;https://candidat.francetravail.fr/metierscope/fiche-metier/G1202;hôtellerie-restauration, tourisme/tourisme;06/06/2020;01/06/2026
architecte big data (mégadonnées);https://www.onisep.fr/http/redirection/metier/slug/MET.848;;pas de publication Onisep spécifique;;;GFE P : Gestion et traitement de l'information (informatique, statistique, documentation);M1806;Conseil et maîtrise d'ouvrage en systèmes d'information;https://candidat.francetravail.fr/metierscope/fiche-metier/M1806;informatique, Internet/bases de données| sciences/mathématiques| informatique, Internet/systèmes et réseaux;06/06/2020;26/06/2026
assistant / assistante de régulation médicale;https://www.onisep.fr/http/redirection/metier/slug/MET.8183;;pas de publication Onisep spécifique;;;GFE R : santé, social, soins personnels;;;;santé, social, sport/paramédical;28/07/2025;28/02/2026
attaché / attachée de presse;https://www.onisep.fr/http/redirection/metier/slug/MET.879;Les métiers des grands événements culturels et sportifs;Zoom sur les métiers;2023;9782273016742;GFE U : communication, médias;E1103;Communication;https://candidat.francetravail.fr/metierscope/fiche-metier/E1103;information-communication, audiovisuel/communication;06/06/2020;03/06/2026
batelier / batelière;https://www.onisep.fr/http/redirection/metier/slug/MET.577;Les métiers du transport et de la logistique;Parcours;2024;9782273016926;GFE O : transport, logistique;N3103;Navigation fluviale;https://candidat.francetravail.fr/metierscope/fiche-metier/N3103;logistique, transport/transport;06/06/2020;03/06/2026
brancardier / brancardière;https://www.onisep.fr/http/redirection/metier/slug/MET.635;Les métiers du paramédical;Parcours;2022;9782273016117;GFE R : santé, social, soins personnels;J1301;Personnel polyvalent des services hospitaliers;https://candidat.francetravail.fr/metierscope/fiche-metier/J1301;santé, social, sport/travail social;06/06/2020;22/05/2026
céréalier / céréalière;https://www.onisep.fr/http/redirection/metier/slug/MET.8073;Agriculture et forêt;Parcours;2024;9782273016841;GFE A : agriculture;A1416;Polyculture, élevage;https://candidat.francetravail.fr/metierscope/fiche-metier/A1416;agriculture, animaux/agriculture (généralités)| agriculture, animaux/cultures;17/02/2025;06/05/2026
chargé / chargée de pharmacovigilance;https://www.onisep.fr/http/redirection/metier/slug/MET.215;Les métiers du médical;Parcours;2021;9782273015813;GFE J : transformation des matériaux, procédés (biologie, chimie, physique);H1502;Management et ingénierie qualité industrielle;https://candidat.francetravail.fr/metierscope/fiche-metier/H1502;santé, social, sport/médical;06/06/2020;26/05/2026
chargé / chargée des relations publiques;https://www.onisep.fr/http/redirection/metier/slug/MET.314;Ecoles de commerce;Dossiers;2026;9782273017466;GFE U : communication, médias;E1103;Communication;https://candidat.francetravail.fr/metierscope/fiche-metier/E1103;information-communication, audiovisuel/communication;06/06/2020;24/05/2026
chef / cheffe d'équipe (fabrication);https://www.onisep.fr/http/redirection/metier/slug/MET.58;Les métiers du transport et de la logistique;Parcours;2024;9782273016926;GFE J : transformation des matériaux, procédés (biologie, chimie, physique);H2503;Pilotage d'unité élémentaire de production mécanique ou de travail des métaux;https://candidat.francetravail.fr/metierscope/fiche-metier/H2503;matières premières, fabrication, industries/fabrication, productique| logistique, transport/logistique| mécanique/mécanique (généralités)| matières premières, fabrication, industries/méthodes industrialisation;06/06/2020;23/06/2026
chef / cheffe de partie;https://www.onisep.fr/http/redirection/metier/slug/MET.7991;Les métiers de l'hôtellerie et des restaurations;Zoom sur les métiers;2021;9782273015509;GFE K : production alimentaire;G1602;Personnel de cuisine;https://candidat.francetravail.fr/metierscope/fiche-metier/G1602;hôtellerie-restauration, tourisme/restauration;18/09/2024;13/05/2026
chef / cheffe de projet multimédia;https://www.onisep.fr/http/redirection/metier/slug/MET.696;Les métiers du jeu vidéo;Parcours;2023;9782273016193;GFE U : communication, médias;M1803;Direction des systèmes d'information;https://candidat.francetravail.fr/metierscope/fiche-metier/M1803;information-communication, audiovisuel/multimédia;06/06/2020;15/06/2026
chef / cheffe des ventes;https://www.onisep.fr/http/redirection/metier/slug/MET.541;Les métiers du commerce, du marketing et de la publicité;Parcours;2021;9782273015936;GFE Q : commerce, gestion, finances;D1406;Management en force de vente;https://candidat.francetravail.fr/metierscope/fiche-metier/D1406;commerce, marketing, vente/marketing, vente;06/06/2020;11/06/2026
coiffeur / coiffeuse;https://www.onisep.fr/http/redirection/metier/slug/MET.39;;pas de publication Onisep spécifique;;;GFE R : santé, social, soins personnels;D1202;Coiffure;https://candidat.francetravail.fr/metierscope/fiche-metier/D1202;santé, social, sport/esthétique;06/06/2020;09/05/2026
commercial / commerciale export;https://www.onisep.fr/http/redirection/metier/slug/MET.453;Les métiers du commerce, du marketing et de la publicité;Parcours;2021;9782273015936;GFE Q : commerce, gestion, finances;D1402;Relation commerciale grands comptes et entreprises;https://candidat.francetravail.fr/metierscope/fiche-metier/D1402;commerce, marketing, vente/commerce international| commerce, marketing, vente/marketing, vente;06/06/2020;18/06/2026
concepteur / conceptrice de jeux vidéo;https://www.onisep.fr/http/redirection/metier/slug/MET.885;Les métiers du numérique;Parcours;2025;9782273017060;GFE U : communication, médias;E1104;Conception de contenus multimédias;https://candidat.francetravail.fr/metierscope/fiche-metier/E1104;arts, culture, artisanat/arts graphiques| information-communication, audiovisuel/multimédia;06/06/2020;29/05/2026
conducteur / conductrice de machines à papier;https://www.onisep.fr/http/redirection/metier/slug/MET.37;Les métiers de l'industrie du papier carton;Zoom sur les métiers;2025;9782273017244;GFE J : transformation des matériaux, procédés (biologie, chimie, physique);H3101;Conduite d'équipement de fabrication de papier ou de carton;https://candidat.francetravail.fr/metierscope/fiche-metier/H3101;mécanique/automatismes| matières premières, fabrication, industries/fabrication, productique| matières premières, fabrication, industries/papier, carton;06/06/2020;17/06/2026
conseiller / conseillère en assurances;https://www.onisep.fr/http/redirection/metier/slug/MET.909;Les métiers dans l'assurance;Zoom sur les métiers;2023;9782273016728;GFE Q : commerce, gestion, finances;C1102;Conseil clientèle en assurances;https://candidat.francetravail.fr/metierscope/fiche-metier/C1102;banque, assurances, immobilier/assurances;06/06/2020;28/05/2026
conservateur / conservatrice du patrimoine;https://www.onisep.fr/http/redirection/metier/slug/MET.692;Les métiers de la culture et du patrimoine;Parcours;2022;9782273016131;GFE V : arts, spectacle, audiovisuel;K1602;Gestion de patrimoine culturel;https://candidat.francetravail.fr/metierscope/fiche-metier/K1602;arts, culture, artisanat/activités culturelles| information-communication, audiovisuel/bibliothèque, documentation| histoire-géographie, psychologie, sociologie/histoire| arts, culture, artisanat/histoire de l'art;06/06/2020;20/06/2026
consultant / consultante green IT (écotechniques de l'information et de la communication);https://www.onisep.fr/http/redirection/metier/slug/MET.945;Les métiers de l'informatique;Parcours;2022;9782273016155;GFE P : Gestion et traitement de l'information (informatique, statistique, documentation);M1402;Conseil en organisation et management d'entreprise;https://candidat.francetravail.fr/metierscope/fiche-metier/M1402;environnement, énergies, propreté/déchets, pollutions et risques| informatique, Internet/informatique (généralités);06/06/2020;03/06/2026
coupeur / coupeuse;https://www.onisep.fr/http/redirection/metier/slug/MET.714;Les métiers de l'industrie textile;Zoom sur les métiers;2022;9782273015585;GFE L : textile, habillement, cuir;H2409;Coupe cuir, textile et matériaux souples;https://candidat.francetravail.fr/metierscope/fiche-metier/H2409;matières premières, fabrication, industries/textile, habillement;06/06/2020;28/05/2026
data scientist (expert en mégadonnées);https://www.onisep.fr/http/redirection/metier/slug/MET.512;Les métiers de la recherche et de la conception industrielles;Zoom sur les métiers;2025;9782273017367;GFE P : Gestion et traitement de l'information (informatique, statistique, documentation);M1403;Études et prospectives socio-économiques;https://candidat.francetravail.fr/metierscope/fiche-metier/M1403;informatique, Internet/informatique (généralités)| sciences/mathématiques;06/06/2020;10/06/2026
designer en horlogerie;https://www.onisep.fr/http/redirection/metier/slug/MET.8225;;pas de publication Onisep spécifique;;;GFE V : arts, spectacle, audiovisuel;;;;arts, culture, artisanat/arts graphiques| mécanique/mécanique (généralités);23/01/2026;09/06/2026
diététicien / diététicienne;https://www.onisep.fr/http/redirection/metier/slug/MET.672;Agroalimentaire;Parcours;2025;9782273017046;GFE R : santé, social, soins personnels;J1402;Diététique;https://candidat.francetravail.fr/metierscope/fiche-metier/J1402;santé, social, sport/paramédical;06/06/2020;27/02/2026
directeur / directrice de golf;https://www.onisep.fr/http/redirection/metier/slug/MET.464;Les métiers du sport;Parcours;2024;9782273016988;GFE S : hôtellerie,  tourisme, loisirs;G1403;Gestion de structure de loisirs ou d'hébergement touristique;https://candidat.francetravail.fr/metierscope/fiche-metier/G1403;santé, social, sport/sport;06/06/2020;18/06/2026
e-sportif / e-sportive;https://www.onisep.fr/http/redirection/metier/slug/MET.8094;Les métiers du sport;Parcours;2024;9782273016988;GFE S : hôtellerie,  tourisme, loisirs;;;;information-communication, audiovisuel/multimédia| santé, social, sport/sport;17/02/2025;27/04/2026
éducateur / éducatrice de la protection judiciaire de la jeunesse;https://www.onisep.fr/http/redirection/metier/slug/MET.924;Travail social;Parcours;2024;9782273016827;GFE R : santé, social, soins personnels;K1207;Intervention socioéducative;https://candidat.francetravail.fr/metierscope/fiche-metier/K1207;santé, social, sport/travail social;06/06/2020;12/05/2026
employé / employée d'élevage;https://www.onisep.fr/http/redirection/metier/slug/MET.250;Travailler auprès des animaux;Parcours;2023;9782273016438;GFE A : agriculture;A1407 | A1409 | A1410 | A1411;Élevage bovin ou équin | Élevage de lapins et volailles | Élevage ovin ou caprin | Élevage porcin;https://candidat.francetravail.fr/metierscope/fiche-metier/A1407 | https://candidat.francetravail.fr/metierscope/fiche-metier/A1409 | https://candidat.francetravail.fr/metierscope/fiche-metier/A1410 | https://candidat.francetravail.fr/metierscope/fiche-metier/A1411;agriculture, animaux/élevage, aquaculture;06/06/2020;22/05/2026
enseignant référent / enseignante référente à la scolarisation des élèves en situation de handicap;https://www.onisep.fr/http/redirection/metier/slug/MET.8193;;pas de publication Onisep spécifique;;;GFE W : droit, enseignement, recherche et sciences humaines;;;;lettres, langues, enseignement/enseignement;29/07/2025;01/06/2026
expert immobilier / experte immobilier;https://www.onisep.fr/http/redirection/metier/slug/MET.482;Les métiers de l'immobilier;Parcours;2021;9782273015837;GFE Q : commerce, gestion, finances;;;;banque, assurances, immobilier/immobilier;06/06/2020;19/06/2026
footballeur / footballeuse;https://www.onisep.fr/http/redirection/metier/slug/MET.651;Les métiers du sport;Parcours;2024;9782273016988;GFE S : hôtellerie,  tourisme, loisirs;L1401;Sportif professionnel;https://candidat.francetravail.fr/metierscope/fiche-metier/L1401;santé, social, sport/sport;06/06/2020;10/02/2026
géologue;https://www.onisep.fr/http/redirection/metier/slug/MET.570;Les métiers de l'environnement et du développement durable;Parcours;2024;9782273017008;GFE I : appui à la production des industries;F1105;Études géologiques;https://candidat.francetravail.fr/metierscope/fiche-metier/F1105;environnement, énergies, propreté/déchets, pollutions et risques| environnement, énergies, propreté/énergies| sciences/sciences de la Terre;06/06/2020;24/05/2026
gestionnaire actif / passif;https://www.onisep.fr/http/redirection/metier/slug/MET.815;Les métiers de la banque, de la finance et de l'assurance;Parcours;2022;9782273016094;GFE Q : commerce, gestion, finances;C1105;Études actuarielles en assurances;https://candidat.francetravail.fr/metierscope/fiche-metier/C1105;banque, assurances, immobilier/assurances;06/06/2020;19/06/2026
guide de haute montagne;https://www.onisep.fr/http/redirection/metier/slug/MET.918;Les métiers du sport;Parcours;2024;9782273016988;GFE S : hôtellerie,  tourisme, loisirs;G1201;Accompagnement de voyages, d'activités culturelles ou sportives;https://candidat.francetravail.fr/metierscope/fiche-metier/G1201;santé, social, sport/sport| hôtellerie-restauration, tourisme/tourisme;06/06/2020;19/03/2026
hydrologue;https://www.onisep.fr/http/redirection/metier/slug/MET.912;Les métiers de l'environnement et du développement durable;Parcours;2024;9782273017008;GFE T : environnement, nettoyage, sécurité;F1105;Études géologiques;https://candidat.francetravail.fr/metierscope/fiche-metier/F1105;sciences/sciences de la Terre;06/06/2020;19/06/2026
accessoiriste;https://www.onisep.fr/http/redirection/metier/slug/MET.69;Les études d'art;Dossiers;2023;9782273016506;GFE V : arts, spectacle, audiovisuel;L1503;Décor et accessoires spectacle;https://candidat.francetravail.fr/metierscope/fiche-metier/L1503;arts, culture, artisanat/arts du spectacle| matières premières, fabrication, industries/textile, habillement;06/06/2020;01/06/2026
actuaire;https://www.onisep.fr/http/redirection/metier/slug/MET.861;Les métiers dans l'assurance;Zoom sur les métiers;2023;9782273016728;GFE Q : commerce, gestion, finances;C1105;Études actuarielles en assurances;https://candidat.francetravail.fr/metierscope/fiche-metier/C1105;banque, assurances, immobilier/assurances| sciences/mathématiques;06/06/2020;27/05/2026
agenceur / agenceuse de cuisines et salles de bains;https://www.onisep.fr/http/redirection/metier/slug/MET.405;Les métiers de l'architecture, de l'urbanisme et du paysage;Parcours;2024;9782273016889;GFE C : bâtiment;H2206;Réalisation de menuiserie bois et tonnellerie;https://candidat.francetravail.fr/metierscope/fiche-metier/H2206;construction, architecture, travaux publics/agencement| construction, architecture, travaux publics/ameublement| matières premières, fabrication, industries/bois| construction, architecture, travaux publics/menuiserie;06/06/2020;04/06/2026
agent / agente de planning (planification);https://www.onisep.fr/http/redirection/metier/slug/MET.8069;Les métiers des transports urbains;Zoom sur les métiers;2025;9782273016766;GFE O : transport, logistique;N4204;Intervention technique d'exploitation des transports routiers de personnes;https://candidat.francetravail.fr/metierscope/fiche-metier/N4204;logistique, transport/logistique| logistique, transport/transport;17/02/2025;15/05/2026
aide-chimiste;https://www.onisep.fr/http/redirection/metier/slug/MET.952;Les métiers de la chimie;Parcours;2025;9782273017107;GFE J : transformation des matériaux, procédés (biologie, chimie, physique);H1503;Intervention technique en laboratoire d'analyse industrielle;https://candidat.francetravail.fr/metierscope/fiche-metier/H1503;sciences/chimie;06/06/2020;22/05/2026
animateur / animatrice d'activités physiques et sportives pour tous;https://www.onisep.fr/http/redirection/metier/slug/MET.808;Les métiers du sport;Parcours;2024;9782273016988;GFE S : hôtellerie,  tourisme, loisirs;G1204;Éducation en activités sportives;https://candidat.francetravail.fr/metierscope/fiche-metier/G1204;santé, social, sport/sport;06/06/2020;22/05/2026
aquaculteur / aquacultrice;https://www.onisep.fr/http/redirection/metier/slug/MET.90;Agriculture et forêt;Parcours;2024;9782273016841;GFE B : pêche, mer;A1404;Aquaculture;https://candidat.francetravail.fr/metierscope/fiche-metier/A1404;agriculture, animaux/élevage, aquaculture;06/06/2020;29/05/2026
artiste graffeur professionnel / artiste graffeuse professionnelle;https://www.onisep.fr/http/redirection/metier/slug/MET.7834;;pas de publication Onisep spécifique;;;GFE V : arts, spectacle, audiovisuel;B1101;Création en arts plastiques;https://candidat.francetravail.fr/metierscope/fiche-metier/B1101;arts, culture, artisanat/arts graphiques| arts, culture, artisanat/arts plastiques;30/05/2023;09/06/2026
astronaute;https://www.onisep.fr/http/redirection/metier/slug/MET.7835;;pas de publication Onisep spécifique;;;GFE J : transformation des matériaux, procédés (biologie, chimie, physique);;;;sciences/sciences de l'univers;08/06/2023;01/06/2026
avocat / avocate;https://www.onisep.fr/http/redirection/metier/slug/MET.33;Les métiers du droit;Parcours;2024;9782273016865;GFE W : droit, enseignement, recherche et sciences humaines;K1903;Défense et conseil juridique;https://candidat.francetravail.fr/metierscope/fiche-metier/K1903;économie, droit, politique/activité judiciaire;06/06/2020;27/05/2026
botaniste;https://www.onisep.fr/http/redirection/metier/slug/MET.424;Les métiers de l'environnement et du développement durable;Parcours;2024;9782273017008;GFE J : transformation des matériaux, procédés (biologie, chimie, physique);K2402;Recherche en sciences de l'univers, de la matière et du vivant;https://candidat.francetravail.fr/metierscope/fiche-metier/K2402;sciences/biologie;06/06/2020;17/06/2026
carreleur / carreleuse-mosaïste;https://www.onisep.fr/http/redirection/metier/slug/MET.435;Les métiers du bâtiment et des travaux publics;Parcours;2023;9782273016445;GFE C : bâtiment;F1608;Pose de revêtements rigides;https://candidat.francetravail.fr/metierscope/fiche-metier/F1608;construction, architecture, travaux publics/finition;06/06/2020;23/06/2026
chargé / chargée d'études PLU (ou PLUI);https://www.onisep.fr/http/redirection/metier/slug/MET.8075;;pas de publication Onisep spécifique;;;GFE C : bâtiment;;;;environnement, énergies, propreté/aménagement du territoire| environnement, énergies, propreté/urbanisme;17/02/2025;19/05/2026
chargé / chargée de recrutement en agence d'emploi;https://www.onisep.fr/http/redirection/metier/slug/MET.8006;Gestion, comptabilité et ressources humaines;Parcours;2021;9782273015769;GFE Q : commerce, gestion, finances;M1502;Développement des ressources humaines;https://candidat.francetravail.fr/metierscope/fiche-metier/M1502;gestion des entreprises, comptabilité/ressources humaines;24/09/2024;26/01/2026
chauffeur-livreur / chauffeuse-livreuse;https://www.onisep.fr/http/redirection/metier/slug/MET.210;Les métiers du commerce et de la vente;Zoom sur les métiers;2022;9782273016230;GFE O : transport, logistique;N4105;Conduite et livraison par tournées sur courte distance;https://candidat.francetravail.fr/metierscope/fiche-metier/N4105;logistique, transport/transport;06/06/2020;27/05/2026
chef / cheffe de partie;https://www.onisep.fr/http/redirection/metier/slug/MET.7991;Les métiers de l'hôtellerie et de la restauration;Parcours;2022;9782273016179;GFE K : production alimentaire;G1602;Personnel de cuisine;https://candidat.francetravail.fr/metierscope/fiche-metier/G1602;hôtellerie-restauration, tourisme/restauration;18/09/2024;13/05/2026
chef / cheffe de projet informatique;https://www.onisep.fr/http/redirection/metier/slug/MET.203;Les métiers du numérique;Parcours;2025;9782273017060;GFE P : Gestion et traitement de l'information (informatique, statistique, documentation);M1803;Direction des systèmes d'information;https://candidat.francetravail.fr/metierscope/fiche-metier/M1803;informatique, Internet/informatique (généralités);06/06/2020;26/06/2026
chef / cheffe de silo;https://www.onisep.fr/http/redirection/metier/slug/MET.8080;Agriculture et forêt;Parcours;2024;9782273016841;GFE A : agriculture;;;;agriculture, animaux/agriculture (généralités)| agriculture, animaux/cultures;17/02/2025;06/05/2026
cogniticien / cogniticienne;https://www.onisep.fr/http/redirection/metier/slug/MET.592;Les métiers de l'automobile;Parcours;2020;9782273015172;GFE P : Gestion et traitement de l'information (informatique, statistique, documentation);;;;matières premières, fabrication, industries/études et développement| matières premières, fabrication, industries/génie industriel| informatique, Internet/informatique (généralités)| histoire-géographie, psychologie, sociologie/psychologie;06/06/2020;30/01/2026
commercial / commerciale à bord des trains;https://www.onisep.fr/http/redirection/metier/slug/MET.186;Les métiers du ferroviaire;Zoom sur les métiers;2021;9782273015561;GFE O : transport, logistique;N4302;Contrôle des transports en commun;https://candidat.francetravail.fr/metierscope/fiche-metier/N4302;armée, sécurité/sécurité, prévention;06/06/2020;17/03/2026
concepteur / conceptrice de jeux vidéo;https://www.onisep.fr/http/redirection/metier/slug/MET.885;Les métiers du jeu vidéo;Parcours;2023;9782273016193;GFE U : communication, médias;E1104;Conception de contenus multimédias;https://candidat.francetravail.fr/metierscope/fiche-metier/E1104;arts, culture, artisanat/arts graphiques| information-communication, audiovisuel/multimédia;06/06/2020;29/05/2026
conducteur / conductrice de bus ou d'autocar;https://www.onisep.fr/http/redirection/metier/slug/MET.907;Les métiers des grands événements culturels et sportifs;Zoom sur les métiers;2023;9782273016742;GFE O : transport, logistique;N4103;Conduite de transport en commun sur route;https://candidat.francetravail.fr/metierscope/fiche-metier/N4103;logistique, transport/transport;06/06/2020;17/06/2026
conseiller / conseillère d'élevage;https://www.onisep.fr/http/redirection/metier/slug/MET.234;Travailler auprès des animaux;Parcours;2023;9782273016438;GFE A : agriculture;A1301;Conseil et assistance technique en agriculture;https://candidat.francetravail.fr/metierscope/fiche-metier/A1301;agriculture, animaux/développement agricole| agriculture, animaux/élevage, aquaculture;06/06/2020;01/06/2026
conseiller / conseillère pénitentiaire d'insertion et de probation;https://www.onisep.fr/http/redirection/metier/slug/MET.712;Travail social;Parcours;2024;9782273016827;GFE W : droit, enseignement, recherche et sciences humaines;K1207;Intervention socioéducative;https://candidat.francetravail.fr/metierscope/fiche-metier/K1207;santé, social, sport/travail social;06/06/2020;21/05/2026
consultant / consultante en validation;https://www.onisep.fr/http/redirection/metier/slug/MET.825;;pas de publication Onisep spécifique;;;GFE J : transformation des matériaux, procédés (biologie, chimie, physique);H1502;Management et ingénierie qualité industrielle;https://candidat.francetravail.fr/metierscope/fiche-metier/H1502;matières premières, fabrication, industries/agroalimentaire| sciences/biologie| sciences/chimie| matières premières, fabrication, industries/maintenance, qualité;06/06/2020;16/06/2026
cordonnier / cordonnière;https://www.onisep.fr/http/redirection/metier/slug/MET.425;Mode et luxe;Parcours;2024;9782273016803;GFE L : textile, habillement, cuir;D1206;Réparation d'articles en cuir et matériaux souples;https://candidat.francetravail.fr/metierscope/fiche-metier/D1206;matières premières, fabrication, industries/textile, habillement;06/06/2020;17/06/2026
data analyst (analyste de données);https://www.onisep.fr/http/redirection/metier/slug/MET.7930;;pas de publication Onisep spécifique;;;GFE P : Gestion et traitement de l'information (informatique, statistique, documentation);M1403;Études et prospectives socio-économiques;https://candidat.francetravail.fr/metierscope/fiche-metier/M1403;informatique, Internet/bases de données| informatique, Internet/informatique (généralités)| sciences/mathématiques;28/03/2024;10/06/2026
designer / designeuse graphique;https://www.onisep.fr/http/redirection/metier/slug/MET.5;Les métiers du design;Parcours;2025;9782273017022;GFE N : techniques graphiques, impression;E1205;Réalisation de contenus multimédias;https://candidat.francetravail.fr/metierscope/fiche-metier/E1205;arts, culture, artisanat/arts graphiques| information-communication, audiovisuel/industries graphiques;06/06/2020;24/06/2026
développeur / développeuse informatique;https://www.onisep.fr/http/redirection/metier/slug/MET.12;Les métiers de l'informatique;Parcours;2022;9782273016155;GFE P : Gestion et traitement de l'information (informatique, statistique, documentation);M1805;Études et développement informatique;https://candidat.francetravail.fr/metierscope/fiche-metier/M1805;informatique, Internet/développement, programmation, logiciel;06/06/2020;15/03/2026
directeur / directrice d'office de tourisme;https://www.onisep.fr/http/redirection/metier/slug/MET.434;Les métiers du tourisme;Parcours;2023;9782273016339;GFE S : hôtellerie,  tourisme, loisirs;G1102;Promotion du tourisme local;https://candidat.francetravail.fr/metierscope/fiche-metier/G1102;hôtellerie-restauration, tourisme/tourisme;06/06/2020;11/05/2026
disc-jockey (disque-jockey);https://www.onisep.fr/http/redirection/metier/slug/MET.339;;pas de publication Onisep spécifique;;;GFE S : hôtellerie,  tourisme, loisirs;L1101;Animation musicale et scénique;https://candidat.francetravail.fr/metierscope/fiche-metier/L1101;arts, culture, artisanat/arts du spectacle;06/06/2020;17/06/2026
écrivain / écrivaine public;https://www.onisep.fr/http/redirection/metier/slug/MET.477;;pas de publication Onisep spécifique;;;GFE U : communication, médias;E1102;Ecriture d'ouvrages, de livres;https://candidat.francetravail.fr/metierscope/fiche-metier/E1102;lettres, langues, enseignement/lettres, linguistique;06/06/2020;06/02/2026
électromécanicien / électromécanicienne en remontées mécaniques;https://www.onisep.fr/http/redirection/metier/slug/MET.357;;pas de publication Onisep spécifique;;;GFE H : électricité, énergie, électronique;;;;électricité, électronique, robotique/électrotechnique| matières premières, fabrication, industries/maintenance, qualité;06/06/2020;22/05/2026
énergéticien / énergéticienne;https://www.onisep.fr/http/redirection/metier/slug/MET.752;Les métiers de l'environnement et du développement durable;Parcours;2024;9782273017008;GFE J : transformation des matériaux, procédés (biologie, chimie, physique);;;;mécanique/automatismes| électricité, électronique, robotique/électrotechnique| environnement, énergies, propreté/énergies| matières premières, fabrication, industries/maintenance, qualité| matières premières, fabrication, industries/papier, carton| sciences/physique;06/06/2020;01/06/2026
expert / experte bilan carbone;https://www.onisep.fr/http/redirection/metier/slug/MET.632;;pas de publication Onisep spécifique;;;GFE T : environnement, nettoyage, sécurité;;;;environnement, énergies, propreté/déchets, pollutions et risques| environnement, énergies, propreté/énergies;06/06/2020;01/06/2026
fleuriste de mode;https://www.onisep.fr/http/redirection/metier/slug/MET.7940;;pas de publication Onisep spécifique;;;GFE V : arts, spectacle, audiovisuel;;;;arts, culture, artisanat/artisanat d'art| arts, culture, artisanat/arts graphiques;03/04/2024;18/05/2026
géographe;https://www.onisep.fr/http/redirection/metier/slug/MET.73;;pas de publication Onisep spécifique;;;GFE T : environnement, nettoyage, sécurité;M1808;Information géographique;https://candidat.francetravail.fr/metierscope/fiche-metier/M1808;histoire-géographie, psychologie, sociologie/géographie;06/06/2020;21/02/2025
gestionnaire actif / passif;https://www.onisep.fr/http/redirection/metier/slug/MET.815;Les métiers dans l'assurance;Zoom sur les métiers;2023;9782273016728;GFE Q : commerce, gestion, finances;C1105;Études actuarielles en assurances;https://candidat.francetravail.fr/metierscope/fiche-metier/C1105;banque, assurances, immobilier/assurances;06/06/2020;19/06/2026
guichetier / guichetière;https://www.onisep.fr/http/redirection/metier/slug/MET.271;Les métiers de la banque, de la finance et de l'assurance;Parcours;2022;9782273016094;GFE Q : commerce, gestion, finances;C1201;Accueil et services bancaires;https://candidat.francetravail.fr/metierscope/fiche-metier/C1201;banque, assurances, immobilier/banque;06/06/2020;26/06/2026
hydrobiologiste;https://www.onisep.fr/http/redirection/metier/slug/MET.232;;pas de publication Onisep spécifique;;;GFE T : environnement, nettoyage, sécurité;K2402;Recherche en sciences de l'univers, de la matière et du vivant;https://candidat.francetravail.fr/metierscope/fiche-metier/K2402;sciences/biologie| environnement, énergies, propreté/gestion de l'eau;06/06/2020;18/05/2026
accessoiriste;https://www.onisep.fr/http/redirection/metier/slug/MET.69;Les métiers du cinéma;Parcours;2025;9782273017084;GFE V : arts, spectacle, audiovisuel;L1503;Décor et accessoires spectacle;https://candidat.francetravail.fr/metierscope/fiche-metier/L1503;arts, culture, artisanat/arts du spectacle| matières premières, fabrication, industries/textile, habillement;06/06/2020;01/06/2026
actuaire;https://www.onisep.fr/http/redirection/metier/slug/MET.861;Les métiers de la banque, de la finance et de l'assurance;Parcours;2022;9782273016094;GFE Q : commerce, gestion, finances;C1105;Études actuarielles en assurances;https://candidat.francetravail.fr/metierscope/fiche-metier/C1105;banque, assurances, immobilier/assurances| sciences/mathématiques;06/06/2020;27/05/2026
affûteur / affûteuse;https://www.onisep.fr/http/redirection/metier/slug/MET.663;Les métiers du bois;Zoom sur les métiers;2023;9782273016704;GFE E : travail des métaux;H2903;Conduite d'équipement d'usinage;https://candidat.francetravail.fr/metierscope/fiche-metier/H2903;matières premières, fabrication, industries/bois| matières premières, fabrication, industries/maintenance, qualité;06/06/2020;15/05/2026
agent / agente de joueurs;https://www.onisep.fr/http/redirection/metier/slug/MET.849;Les métiers du sport;Parcours;2024;9782273016988;GFE S : hôtellerie,  tourisme, loisirs;L1303;Promotion d'artistes et de spectacles;https://candidat.francetravail.fr/metierscope/fiche-metier/L1303;santé, social, sport/sport;06/06/2020;15/05/2026
agronome;https://www.onisep.fr/http/redirection/metier/slug/MET.428;Agriculture et forêt;Parcours;2024;9782273016841;GFE A : agriculture;A1303;Ingénierie en agriculture et environnement naturel;https://candidat.francetravail.fr/metierscope/fiche-metier/A1303;agriculture, animaux/agriculture (généralités)| matières premières, fabrication, industries/agroalimentaire;06/06/2020;17/06/2026
animalier / animalière de laboratoire;https://www.onisep.fr/http/redirection/metier/slug/MET.320;Travailler auprès des animaux;Parcours;2023;9782273016438;GFE A : agriculture;A1408;Élevage d'animaux sauvages ou de compagnie;https://candidat.francetravail.fr/metierscope/fiche-metier/A1408;sciences/biologie| agriculture, animaux/soins aux animaux;06/06/2020;22/05/2026
apiculteur / apicultrice;https://www.onisep.fr/http/redirection/metier/slug/MET.70;Travailler auprès des animaux;Parcours;2023;9782273016438;GFE A : agriculture;A1408;Élevage d'animaux sauvages ou de compagnie;https://candidat.francetravail.fr/metierscope/fiche-metier/A1408;agriculture, animaux/élevage, aquaculture;06/06/2020;28/05/2026
art-thérapeute;https://www.onisep.fr/http/redirection/metier/slug/MET.939;;pas de publication Onisep spécifique;;;GFE R : santé, social, soins personnels;K1104;Psychologie;https://candidat.francetravail.fr/metierscope/fiche-metier/K1104;santé, social, sport/paramédical;06/06/2020;27/02/2026
assistant réalisateur / assistante réalisatrice;https://www.onisep.fr/http/redirection/metier/slug/MET.178;Les métiers du cinéma;Parcours;2025;9782273017084;GFE V : arts, spectacle, audiovisuel;L1304;Réalisation cinématographique et audiovisuelle;https://candidat.francetravail.fr/metierscope/fiche-metier/L1304;information-communication, audiovisuel/audiovisuel;06/06/2020;29/05/2026
auxiliaire de puériculture;https://www.onisep.fr/http/redirection/metier/slug/MET.415;Travailler auprès des enfants;Parcours;2023;9782273016780;GFE R : santé, social, soins personnels;J1304;Aide en puériculture;https://candidat.francetravail.fr/metierscope/fiche-metier/J1304;santé, social, sport/paramédical;06/06/2020;17/06/2026
biostatisticien / biostatisticienne;https://www.onisep.fr/http/redirection/metier/slug/MET.126;Les métiers de l'industrie du médicament;Zoom sur les métiers;2024;9782273017206;GFE J : transformation des matériaux, procédés (biologie, chimie, physique);K2402;Recherche en sciences de l'univers, de la matière et du vivant;https://candidat.francetravail.fr/metierscope/fiche-metier/K2402;sciences/biologie| informatique, Internet/informatique (généralités)| sciences/mathématiques;06/06/2020;23/05/2026
cavalier / cavalière d'entraînement (lad-jockey, lad-driver);https://www.onisep.fr/http/redirection/metier/slug/MET.155;Travailler auprès des animaux;Parcours;2023;9782273016438;GFE A : agriculture;L1401;Sportif professionnel;https://candidat.francetravail.fr/metierscope/fiche-metier/L1401;agriculture, animaux/soins aux animaux| santé, social, sport/sport;06/06/2020;03/06/2026
chargé / chargée d'études naturalistes;https://www.onisep.fr/http/redirection/metier/slug/MET.610;Les métiers de l'environnement et du développement durable;Parcours;2024;9782273017008;GFE T : environnement, nettoyage, sécurité;A1303;Ingénierie en agriculture et environnement naturel;https://candidat.francetravail.fr/metierscope/fiche-metier/A1303;environnement, énergies, propreté/protection des espaces naturels;06/06/2020;20/05/2026
chargé / chargée des méthodes outils et qualité en informatique;https://www.onisep.fr/http/redirection/metier/slug/MET.618;Les métiers de l'informatique;Parcours;2022;9782273016155;GFE P : Gestion et traitement de l'information (informatique, statistique, documentation);M1802;Expertise et support en systèmes d'information;https://candidat.francetravail.fr/metierscope/fiche-metier/M1802;informatique, Internet/informatique (généralités)| matières premières, fabrication, industries/maintenance, qualité;06/06/2020;12/06/2026
chauffeur-livreur / chauffeuse-livreuse;https://www.onisep.fr/http/redirection/metier/slug/MET.210;Les métiers des services, spécial alternance;Pourquoi pas moi ?;2023;9782273016667;GFE O : transport, logistique;N4105;Conduite et livraison par tournées sur courte distance;https://candidat.francetravail.fr/metierscope/fiche-metier/N4105;logistique, transport/transport;06/06/2020;27/05/2026
chef / cheffe de partie;https://www.onisep.fr/http/redirection/metier/slug/MET.7991;Les métiers des services, spécial alternance;Pourquoi pas moi ?;2023;9782273016667;GFE K : production alimentaire;G1602;Personnel de cuisine;https://candidat.francetravail.fr/metierscope/fiche-metier/G1602;hôtellerie-restauration, tourisme/restauration;18/09/2024;13/05/2026
chef / cheffe de projet informatique;https://www.onisep.fr/http/redirection/metier/slug/MET.203;Les métiers de l'informatique;Parcours;2022;9782273016155;GFE P : Gestion et traitement de l'information (informatique, statistique, documentation);M1803;Direction des systèmes d'information;https://candidat.francetravail.fr/metierscope/fiche-metier/M1803;informatique, Internet/informatique (généralités);06/06/2020;26/06/2026
chef de cuisine / cheffe de cuisine;https://www.onisep.fr/http/redirection/metier/slug/MET.420;Les métiers de l'hôtellerie et de la restauration;Parcours;2022;9782273016179;GFE K : production alimentaire;G1601;Management du personnel de cuisine;https://candidat.francetravail.fr/metierscope/fiche-metier/G1601;hôtellerie-restauration, tourisme/restauration;06/06/2020;13/05/2026
codeur / codeuse en LfPC (langue française parlée complétée);https://www.onisep.fr/http/redirection/metier/slug/MET.7899;;pas de publication Onisep spécifique;;;GFE W : droit, enseignement, recherche et sciences humaines;E1108;Traduction, interprétariat;https://candidat.francetravail.fr/metierscope/fiche-metier/E1108;lettres, langues, enseignement/langues;14/11/2023;28/01/2026
commercial / commerciale sédentaire;https://www.onisep.fr/http/redirection/metier/slug/MET.8012;Les métiers du commerce et de la vente;Zoom sur les métiers;2022;9782273016230;GFE U : communication, médias;D1402;Relation commerciale grands comptes et entreprises;https://candidat.francetravail.fr/metierscope/fiche-metier/D1402;commerce, marketing, vente/marketing, vente;24/09/2024;26/06/2026
comptable fonds d’investissement;https://www.onisep.fr/http/redirection/metier/slug/MET.8211;;pas de publication Onisep spécifique;;;GFE Q : commerce, gestion, finances;;;;gestion des entreprises, comptabilité/comptabilité| banque, assurances, immobilier/finances;12/11/2025;05/06/2026
conducteur / conductrice de bus ou d'autocar;https://www.onisep.fr/http/redirection/metier/slug/MET.907;Les métiers du transport et de la logistique;Parcours;2024;9782273016926;GFE O : transport, logistique;N4103;Conduite de transport en commun sur route;https://candidat.francetravail.fr/metierscope/fiche-metier/N4103;logistique, transport/transport;06/06/2020;17/06/2026
conseiller / conseillère d'élevage;https://www.onisep.fr/http/redirection/metier/slug/MET.234;Agriculture et forêt;Parcours;2024;9782273016841;GFE A : agriculture;A1301;Conseil et assistance technique en agriculture;https://candidat.francetravail.fr/metierscope/fiche-metier/A1301;agriculture, animaux/développement agricole| agriculture, animaux/élevage, aquaculture;06/06/2020;01/06/2026
conseiller / conseillère funéraire;https://www.onisep.fr/http/redirection/metier/slug/MET.7765;;pas de publication Onisep spécifique;;;GFE R : santé, social, soins personnels;K2602;Conseil en services funéraires;https://candidat.francetravail.fr/metierscope/fiche-metier/K2602;santé, social, sport/travail social;11/02/2022;22/05/2026
consultant / consultante en systèmes d'information;https://www.onisep.fr/http/redirection/metier/slug/MET.212;Les métiers de l'informatique;Parcours;2022;9782273016155;GFE P : Gestion et traitement de l'information (informatique, statistique, documentation);M1806;Conseil et maîtrise d'ouvrage en systèmes d'information;https://candidat.francetravail.fr/metierscope/fiche-metier/M1806;informatique, Internet/informatique (généralités);06/06/2020;07/05/2026
coordonnateur / coordonnatrice d'études cliniques;https://www.onisep.fr/http/redirection/metier/slug/MET.827;Les métiers de l'industrie du médicament;Zoom sur les métiers;2024;9782273017206;GFE J : transformation des matériaux, procédés (biologie, chimie, physique);H1206;Management et ingénierie études, recherche et développement industriel;https://candidat.francetravail.fr/metierscope/fiche-metier/H1206;sciences/biologie| santé, social, sport/médical;06/06/2020;26/06/2026
danseur / danseuse;https://www.onisep.fr/http/redirection/metier/slug/MET.42;Les métiers de la culture et du patrimoine;Parcours;2022;9782273016131;GFE V : arts, spectacle, audiovisuel;L1201;Danse;https://candidat.francetravail.fr/metierscope/fiche-metier/L1201;arts, culture, artisanat/arts du spectacle| santé, social, sport/sport;06/06/2020;10/06/2026
designer / designeuse graphique;https://www.onisep.fr/http/redirection/metier/slug/MET.5;Les métiers du jeu vidéo;Parcours;2023;9782273016193;GFE N : techniques graphiques, impression;E1205;Réalisation de contenus multimédias;https://candidat.francetravail.fr/metierscope/fiche-metier/E1205;arts, culture, artisanat/arts graphiques| information-communication, audiovisuel/industries graphiques;06/06/2020;24/06/2026
développeur / développeuse informatique;https://www.onisep.fr/http/redirection/metier/slug/MET.12;Les métiers du numérique;Parcours;2025;9782273017060;GFE P : Gestion et traitement de l'information (informatique, statistique, documentation);M1805;Études et développement informatique;https://candidat.francetravail.fr/metierscope/fiche-metier/M1805;informatique, Internet/développement, programmation, logiciel;06/06/2020;15/03/2026
directeur / directrice d'hôtel;https://www.onisep.fr/http/redirection/metier/slug/MET.2;Les métiers de l'hôtellerie et des restaurations;Zoom sur les métiers;2021;9782273015509;GFE S : hôtellerie,  tourisme, loisirs;G1402;Management d'hôtel-restaurant;https://candidat.francetravail.fr/metierscope/fiche-metier/G1402;gestion des entreprises, comptabilité/administration de l'entreprise| hôtellerie-restauration, tourisme/hôtellerie| hôtellerie-restauration, tourisme/tourisme;06/06/2020;11/05/2026
directeur de bibliothèque-médiathèque / directrice de bibliothèque-médiathèque;https://www.onisep.fr/http/redirection/metier/slug/MET.136;;pas de publication Onisep spécifique;;;GFE P : Gestion et traitement de l'information (informatique, statistique, documentation);K1601;Gestion de l'information et de la documentation;https://candidat.francetravail.fr/metierscope/fiche-metier/K1601;information-communication, audiovisuel/bibliothèque, documentation;06/06/2020;16/05/2026
éducateur / éducatrice de jeunes enfants;https://www.onisep.fr/http/redirection/metier/slug/MET.668;Travail social;Parcours;2024;9782273016827;GFE R : santé, social, soins personnels;K1202;Éducation de jeunes enfants;https://candidat.francetravail.fr/metierscope/fiche-metier/K1202;santé, social, sport/travail social;06/06/2020;19/03/2026
électromécanicien / électromécanicienne de chantier TP (travaux publics);https://www.onisep.fr/http/redirection/metier/slug/MET.7777;Les métiers du bâtiment et des travaux publics;Parcours;2023;9782273016445;GFE H : électricité, énergie, électronique;I1304;Installation et maintenance d'équipements industriels et d'exploitation;https://candidat.francetravail.fr/metierscope/fiche-metier/I1304;électricité, électronique, robotique/électrotechnique| matières premières, fabrication, industries/maintenance, qualité;16/03/2023;03/06/2026
enseignant / enseignante en activité physique adaptée;https://www.onisep.fr/http/redirection/metier/slug/MET.937;Les métiers du sport;Parcours;2024;9782273016988;GFE S : hôtellerie,  tourisme, loisirs;;;;sciences/biologie| santé, social, sport/sport;06/06/2020;27/02/2026
expert / experte automobile;https://www.onisep.fr/http/redirection/metier/slug/MET.886;Les métiers de l'automobile;Parcours;2020;9782273015172;GFE F : mécanique;I1604;Mécanique automobile et entretien de véhicules;https://candidat.francetravail.fr/metierscope/fiche-metier/I1604;mécanique/automobile| matières premières, fabrication, industries/génie industriel;06/06/2020;29/05/2026
formateur / formatrice d'adultes;https://www.onisep.fr/http/redirection/metier/slug/MET.292;Les métiers des services, spécial alternance;Pourquoi pas moi ?;2023;9782273016667;GFE W : droit, enseignement, recherche et sciences humaines;K2111;Formation professionnelle;https://candidat.francetravail.fr/metierscope/fiche-metier/K2111;lettres, langues, enseignement/enseignement;06/06/2020;22/05/2026
géochimiste;https://www.onisep.fr/http/redirection/metier/slug/MET.475;Les métiers de la chimie;Parcours;2025;9782273017107;GFE T : environnement, nettoyage, sécurité;F1105;Études géologiques;https://candidat.francetravail.fr/metierscope/fiche-metier/F1105;sciences/chimie| sciences/sciences de la Terre;06/06/2020;14/03/2026
gestionnaire de contrats d'assurance;https://www.onisep.fr/http/redirection/metier/slug/MET.867;Les métiers de la banque, de la finance et de l'assurance;Parcours;2022;9782273016094;GFE Q : commerce, gestion, finances;C1109;Rédaction et gestion en assurances;https://candidat.francetravail.fr/metierscope/fiche-metier/C1109;banque, assurances, immobilier/assurances;06/06/2020;19/06/2026
grutier / grutière;https://www.onisep.fr/http/redirection/metier/slug/MET.698;Les métiers du bâtiment et des travaux publics;Parcours;2023;9782273016445;GFE C : bâtiment;F1301;Conduite de grue;https://candidat.francetravail.fr/metierscope/fiche-metier/F1301;mécanique/engins| construction, architecture, travaux publics/génie civil, construction (généralités)| construction, architecture, travaux publics/travaux publics;06/06/2020;28/05/2026
illustrateur / illustratrice;https://www.onisep.fr/http/redirection/metier/slug/MET.780;Les études d'art;Dossiers;2023;9782273016506;GFE U : communication, médias;B1101;Création en arts plastiques;https://candidat.francetravail.fr/metierscope/fiche-metier/B1101;arts, culture, artisanat/arts graphiques| arts, culture, artisanat/arts plastiques;06/06/2020;28/05/2026
accompagnant éducatif et social / accompagnante éducative et sociale;https://www.onisep.fr/http/redirection/metier/slug/MET.782;Travail social;Parcours;2024;9782273016827;GFE R : santé, social, soins personnels;K1301 | K1302;Accompagnement médicosocial | Assistance auprès d'adultes;https://candidat.francetravail.fr/metierscope/fiche-metier/K1301 | https://candidat.francetravail.fr/metierscope/fiche-metier/K1302;santé, social, sport/travail social;06/06/2020;24/06/2026
administrateur / administratrice de biens;https://www.onisep.fr/http/redirection/metier/slug/MET.396;Les métiers du droit;Parcours;2024;9782273016865;GFE Q : commerce, gestion, finances;C1501;Gérance immobilière;https://candidat.francetravail.fr/metierscope/fiche-metier/C1501;banque, assurances, immobilier/immobilier;06/06/2020;05/06/2026
agent / agente arboricole;https://www.onisep.fr/http/redirection/metier/slug/MET.793;Agriculture et forêt;Parcours;2024;9782273016841;GFE A : agriculture;A1405;Arboriculture et viticulture;https://candidat.francetravail.fr/metierscope/fiche-metier/A1405;agriculture, animaux/cultures;06/06/2020;29/05/2026
agent / agente de sûreté aéroportuaire;https://www.onisep.fr/http/redirection/metier/slug/MET.8001;;pas de publication Onisep spécifique;;;GFE T : environnement, nettoyage, sécurité;K2503;Sécurité et surveillance privées;https://candidat.francetravail.fr/metierscope/fiche-metier/K2503;armée, sécurité/sécurité, prévention;24/09/2024;12/05/2026
aide-soignant / aide-soignante;https://www.onisep.fr/http/redirection/metier/slug/MET.561;Les métiers du paramédical;Parcours;2022;9782273016117;GFE R : santé, social, soins personnels;J1501;Soins d'hygiène, de confort du patient;https://candidat.francetravail.fr/metierscope/fiche-metier/J1501;santé, social, sport/paramédical;06/06/2020;28/01/2026
animateur / animatrice de tourisme;https://www.onisep.fr/http/redirection/metier/slug/MET.803;Les métiers du tourisme;Parcours;2023;9782273016339;GFE S : hôtellerie,  tourisme, loisirs;G1202;Animation d'activités culturelles ou ludiques;https://candidat.francetravail.fr/metierscope/fiche-metier/G1202;hôtellerie-restauration, tourisme/tourisme;06/06/2020;01/06/2026
architecte en cybersécurité;https://www.onisep.fr/http/redirection/metier/slug/MET.8263;;pas de publication Onisep spécifique;;;GFE P : Gestion et traitement de l'information (informatique, statistique, documentation);;;;informatique, Internet/systèmes et réseaux;24/04/2026;26/06/2026
assistant / assistante de service social;https://www.onisep.fr/http/redirection/metier/slug/MET.64;Travail social;Parcours;2024;9782273016827;GFE R : santé, social, soins personnels;K1201;Action sociale;https://candidat.francetravail.fr/metierscope/fiche-metier/K1201;santé, social, sport/travail social;06/06/2020;08/04/2026
audiodescripteur / audiodescriptrice;https://www.onisep.fr/http/redirection/metier/slug/MET.327;Les métiers de la culture et du patrimoine;Parcours;2022;9782273016131;GFE U : communication, médias;L1203;Art dramatique;https://candidat.francetravail.fr/metierscope/fiche-metier/L1203;information-communication, audiovisuel/audiovisuel| lettres, langues, enseignement/lettres, linguistique;06/06/2020;26/01/2026
berger / bergère;https://www.onisep.fr/http/redirection/metier/slug/MET.7915;;pas de publication Onisep spécifique;;;GFE A : agriculture;A1410;Élevage ovin ou caprin;https://candidat.francetravail.fr/metierscope/fiche-metier/A1410;agriculture, animaux/élevage, aquaculture;20/02/2024;18/05/2026
bruiteur / bruiteuse;https://www.onisep.fr/http/redirection/metier/slug/MET.467;;pas de publication Onisep spécifique;;;GFE U : communication, médias;L1507;Montage audiovisuel et post-production;https://candidat.francetravail.fr/metierscope/fiche-metier/L1507;information-communication, audiovisuel/audiovisuel;06/06/2020;27/04/2026
chargé / chargée d'affaires en génie climatique;https://www.onisep.fr/http/redirection/metier/slug/MET.107;Les métiers de l'environnement et du développement durable;Parcours;2024;9782273017008;GFE H : électricité, énergie, électronique;F1106;Ingénierie et études du BTP;https://candidat.francetravail.fr/metierscope/fiche-metier/F1106;environnement, énergies, propreté/énergies| construction, architecture, travaux publics/équipement technique;06/06/2020;15/05/2026
chargé / chargée de projet événementiel;https://www.onisep.fr/http/redirection/metier/slug/MET.473;Ecoles de commerce;Dossiers;2026;9782273017466;GFE U : communication, médias;E1107;Organisation d'évènementiel;https://candidat.francetravail.fr/metierscope/fiche-metier/E1107;information-communication, audiovisuel/communication;06/06/2020;18/06/2026
chargé / chargée HSE (hygiène sécurité environnement);https://www.onisep.fr/http/redirection/metier/slug/MET.878;Les métiers de l'industrie de la chimie;Zoom sur les métiers;2021;9782273015622;GFE T : environnement, nettoyage, sécurité;H1302;Management et ingénierie Hygiène Sécurité Environnement -HSE- industriels;https://candidat.francetravail.fr/metierscope/fiche-metier/H1302;environnement, énergies, propreté/propreté| armée, sécurité/sécurité, prévention;06/06/2020;05/05/2026
chef / cheffe de chantier;https://www.onisep.fr/http/redirection/metier/slug/MET.438;Les métiers du bâtiment et des travaux publics;Parcours;2023;9782273016445;GFE C : bâtiment;F1202;Direction de chantier du BTP;https://candidat.francetravail.fr/metierscope/fiche-metier/F1202;construction, architecture, travaux publics/génie civil, construction (généralités);06/06/2020;21/04/2026
chef / cheffe de produit technique en informatique;https://www.onisep.fr/http/redirection/metier/slug/MET.229;Les métiers de l'informatique;Parcours;2022;9782273016155;GFE P : Gestion et traitement de l'information (informatique, statistique, documentation);M1703;Management et gestion de produit;https://candidat.francetravail.fr/metierscope/fiche-metier/M1703;informatique, Internet/informatique (généralités)| commerce, marketing, vente/marketing, vente| électricité, électronique, robotique/télécommunications;06/06/2020;26/06/2026
chef / cheffe de publicité;https://www.onisep.fr/http/redirection/metier/slug/MET.8;Les métiers du commerce, du marketing et de la publicité;Parcours;2021;9782273015936;GFE U : communication, médias;E1401;Développement et promotion publicitaire;https://candidat.francetravail.fr/metierscope/fiche-metier/E1401;information-communication, audiovisuel/journalisme, édition, publicité;06/06/2020;28/05/2026
chercheur / chercheuse en biologie du sport;https://www.onisep.fr/http/redirection/metier/slug/MET.820;Les métiers du sport;Parcours;2024;9782273016988;GFE R : santé, social, soins personnels;K2402;Recherche en sciences de l'univers, de la matière et du vivant;https://candidat.francetravail.fr/metierscope/fiche-metier/K2402;sciences/biologie| santé, social, sport/médical;06/06/2020;12/06/2026
coloriste (papier-carton);https://www.onisep.fr/http/redirection/metier/slug/MET.507;Les métiers de l'industrie du papier carton;Zoom sur les métiers;2025;9782273017244;GFE J : transformation des matériaux, procédés (biologie, chimie, physique);;;;sciences/chimie| matières premières, fabrication, industries/papier, carton;06/06/2020;12/06/2026
commis / commise de cuisine;https://www.onisep.fr/http/redirection/metier/slug/MET.7992;Les métiers des services, spécial alternance;Pourquoi pas moi ?;2023;9782273016667;GFE K : production alimentaire;G1602;Personnel de cuisine;https://candidat.francetravail.fr/metierscope/fiche-metier/G1602;hôtellerie-restauration, tourisme/restauration;19/09/2024;22/05/2026
concepteur / conceptrice de niveaux de jeu Web;https://www.onisep.fr/http/redirection/metier/slug/MET.823;Les métiers du jeu vidéo;Parcours;2023;9782273016193;GFE U : communication, médias;E1104;Conception de contenus multimédias;https://candidat.francetravail.fr/metierscope/fiche-metier/E1104;arts, culture, artisanat/arts graphiques| information-communication, audiovisuel/multimédia;06/06/2020;18/06/2026
conducteur / conductrice de machines agricoles;https://www.onisep.fr/http/redirection/metier/slug/MET.287;Les métiers de l'agriculture;Zoom sur les métiers;2021;9782273015608;GFE A : agriculture;A1101;Conduite d'engins agricoles et forestiers;https://candidat.francetravail.fr/metierscope/fiche-metier/A1101;mécanique/machinisme agricole| matières premières, fabrication, industries/maintenance, qualité;06/06/2020;03/06/2026
conseiller / conseillère en assurances;https://www.onisep.fr/http/redirection/metier/slug/MET.909;Les métiers de la banque, de la finance et de l'assurance;Parcours;2022;9782273016094;GFE Q : commerce, gestion, finances;C1102;Conseil clientèle en assurances;https://candidat.francetravail.fr/metierscope/fiche-metier/C1102;banque, assurances, immobilier/assurances;06/06/2020;28/05/2026
consignataire de navire;https://www.onisep.fr/http/redirection/metier/slug/MET.399;Les métiers du transport et de la logistique;Parcours;2024;9782273016926;GFE O : transport, logistique;N1202;Gestion des opérations de circulation internationale des marchandises;https://candidat.francetravail.fr/metierscope/fiche-metier/N1202;logistique, transport/logistique| logistique, transport/transport;06/06/2020;25/06/2026
consultant / consultante green IT (écotechniques de l'information et de la communication);https://www.onisep.fr/http/redirection/metier/slug/MET.945;Les métiers de l'environnement et du développement durable;Parcours;2024;9782273017008;GFE P : Gestion et traitement de l'information (informatique, statistique, documentation);M1402;Conseil en organisation et management d'entreprise;https://candidat.francetravail.fr/metierscope/fiche-metier/M1402;environnement, énergies, propreté/déchets, pollutions et risques| informatique, Internet/informatique (généralités);06/06/2020;03/06/2026
courtier / courtière;https://www.onisep.fr/http/redirection/metier/slug/MET.925;Les métiers dans l'assurance;Zoom sur les métiers;2023;9782273016728;GFE Q : commerce, gestion, finances;C1103;Courtage en assurances;https://candidat.francetravail.fr/metierscope/fiche-metier/C1103;banque, assurances, immobilier/assurances;06/06/2020;22/06/2026
décorateur-scénographe / décoratrice-scénographe;https://www.onisep.fr/http/redirection/metier/slug/MET.261;Les métiers du cinéma;Parcours;2025;9782273017084;GFE V : arts, spectacle, audiovisuel;L1503;Décor et accessoires spectacle;https://candidat.francetravail.fr/metierscope/fiche-metier/L1503;arts, culture, artisanat/arts appliqués| arts, culture, artisanat/arts du spectacle| information-communication, audiovisuel/audiovisuel;06/06/2020;23/06/2026
designer industriel / designeuse industrielle;https://www.onisep.fr/http/redirection/metier/slug/MET.568;Les métiers de l'automobile;Parcours;2020;9782273015172;GFE N : techniques graphiques, impression;H1204;Design industriel;https://candidat.francetravail.fr/metierscope/fiche-metier/H1204;arts, culture, artisanat/arts graphiques;06/06/2020;23/06/2026
directeur / directrice artistique;https://www.onisep.fr/http/redirection/metier/slug/MET.537;Les métiers du livre;Parcours;2021;9782273015851;GFE U : communication, médias;E1104;Conception de contenus multimédias;https://candidat.francetravail.fr/metierscope/fiche-metier/E1104;arts, culture, artisanat/arts graphiques| information-communication, audiovisuel/journalisme, édition, publicité;06/06/2020;23/06/2026
directeur / directrice de golf;https://www.onisep.fr/http/redirection/metier/slug/MET.464;Ecoles de commerce;Dossiers;2026;9782273017466;GFE S : hôtellerie,  tourisme, loisirs;G1403;Gestion de structure de loisirs ou d'hébergement touristique;https://candidat.francetravail.fr/metierscope/fiche-metier/G1403;santé, social, sport/sport;06/06/2020;18/06/2026
économe de flux;https://www.onisep.fr/http/redirection/metier/slug/MET.60;Les métiers de l'énergie;Parcours;2022;9782273015998;GFE H : électricité, énergie, électronique;;;;environnement, énergies, propreté/énergies;06/06/2020;22/05/2026
éducateur sportif / éducatrice sportive;https://www.onisep.fr/http/redirection/metier/slug/MET.783;Les métiers du sport;Parcours;2024;9782273016988;GFE S : hôtellerie,  tourisme, loisirs;G1204;Éducation en activités sportives;https://candidat.francetravail.fr/metierscope/fiche-metier/G1204;santé, social, sport/sport;06/06/2020;12/05/2026
employé polyvalent / employée polyvalente en restauration rapide;https://www.onisep.fr/http/redirection/metier/slug/MET.7999;Les métiers de l'hôtellerie et de la restauration;Parcours;2022;9782273016179;GFE S : hôtellerie,  tourisme, loisirs;G1603;Personnel polyvalent en restauration;https://candidat.francetravail.fr/metierscope/fiche-metier/G1603;hôtellerie-restauration, tourisme/restauration;24/09/2024;26/06/2026
entraîneur / entraîneuse de chevaux;https://www.onisep.fr/http/redirection/metier/slug/MET.471;Travailler auprès des animaux;Parcours;2023;9782273016438;GFE A : agriculture;L1401;Sportif professionnel;https://candidat.francetravail.fr/metierscope/fiche-metier/L1401;agriculture, animaux/soins aux animaux;06/06/2020;18/06/2026
facteur / factrice d'instruments;https://www.onisep.fr/http/redirection/metier/slug/MET.859;Les métiers de l'artisanat d'art;Parcours;2023;9782273016353;GFE M : travail du bois;B1501;Fabrication et réparation d'instruments de musique;https://candidat.francetravail.fr/metierscope/fiche-metier/B1501;arts, culture, artisanat/artisanat d'art| arts, culture, artisanat/arts du spectacle| matières premières, fabrication, industries/bois| arts, culture, artisanat/restauration d'art;06/06/2020;03/04/2026
fromager / fromagère;https://www.onisep.fr/http/redirection/metier/slug/MET.510;Les métiers de l'agriculture;Zoom sur les métiers;2021;9782273015608;GFE K : production alimentaire;A1412 | D1106;Fabrication et affinage de fromages | Vente en alimentation;https://candidat.francetravail.fr/metierscope/fiche-metier/A1412 | https://candidat.francetravail.fr/metierscope/fiche-metier/D1106;matières premières, fabrication, industries/agroalimentaire| commerce, marketing, vente/grande distribution et petits commerces;06/06/2020;04/06/2026
géomaticien / géomaticienne;https://www.onisep.fr/http/redirection/metier/slug/MET.192;Mathématiques, statistiques et informatique;Zoom sur les métiers;2021;9782273015547;GFE T : environnement, nettoyage, sécurité;M1808;Information géographique;https://candidat.francetravail.fr/metierscope/fiche-metier/M1808;environnement, énergies, propreté/aménagement du territoire| histoire-géographie, psychologie, sociologie/géographie| sciences/sciences de la Terre;06/06/2020;12/03/2026
gestionnaire de patrimoine;https://www.onisep.fr/http/redirection/metier/slug/MET.213;Ecoles de commerce;Dossiers;2026;9782273017466;GFE Q : commerce, gestion, finances;C1205;Conseil en gestion de patrimoine financier;https://candidat.francetravail.fr/metierscope/fiche-metier/C1205;banque, assurances, immobilier/banque| économie, droit, politique/sciences économiques;06/06/2020;23/06/2026
hacker / hackeuse (pirate informatique) éthique;https://www.onisep.fr/http/redirection/metier/slug/MET.133;Les métiers de la cybersécurité;Zoom sur les métiers;2026;9782273017282;GFE P : Gestion et traitement de l'information (informatique, statistique, documentation);;;;informatique, Internet/systèmes et réseaux;06/06/2020;26/06/2026
infirmier / infirmière scolaire;https://www.onisep.fr/http/redirection/metier/slug/MET.8198;;pas de publication Onisep spécifique;;;GFE R : santé, social, soins personnels;;;;santé, social, sport/paramédical;29/07/2025;16/02/2026
ingénieur / ingénieure d'affaires en génie électrique;https://www.onisep.fr/http/redirection/metier/slug/MET.933;;pas de publication Onisep spécifique;;;GFE H : électricité, énergie, électronique;;;;mécanique/automatismes| électricité, électronique, robotique/électronique| électricité, électronique, robotique/électrotechnique;06/06/2020;20/06/2026
ingénieur / ingénieure en électronique numérique;https://www.onisep.fr/http/redirection/metier/slug/MET.243;Les métiers de l'électronique et de la photonique;Zoom sur les métiers;2023;9782273016254;GFE H : électricité, énergie, électronique;H1206 | H2502;Management et ingénierie études, recherche et développement industriel | Management et ingénierie de production;https://candidat.francetravail.fr/metierscope/fiche-metier/H1206 | https://candidat.francetravail.fr/metierscope/fiche-metier/H2502;informatique, Internet/développement, programmation, logiciel| électricité, électronique, robotique/électronique| informatique, Internet/informatique (généralités)| électricité, électronique, robotique/télécommunications;06/06/2020;16/05/2026
ingénieur / ingénieure études et développement en logiciels de simulation;https://www.onisep.fr/http/redirection/metier/slug/MET.124;;pas de publication Onisep spécifique;;;GFE P : Gestion et traitement de l'information (informatique, statistique, documentation);M1805;Études et développement informatique;https://candidat.francetravail.fr/metierscope/fiche-metier/M1805;mécanique/aéronautique| informatique, Internet/développement, programmation, logiciel| matières premières, fabrication, industries/études et développement| sciences/mathématiques| mécanique/mécanique (généralités);06/06/2020;16/05/2026
ingénieur / ingénieure procédés en chimie;https://www.onisep.fr/http/redirection/metier/slug/MET.502;Les métiers de l'industrie de la chimie;Zoom sur les métiers;2021;9782273015622;GFE J : transformation des matériaux, procédés (biologie, chimie, physique);H2502;Management et ingénierie de production;https://candidat.francetravail.fr/metierscope/fiche-metier/H2502;sciences/chimie| matières premières, fabrication, industries/fabrication, productique| matières premières, fabrication, industries/matériaux| matières premières, fabrication, industries/méthodes industrialisation;06/06/2020;24/06/2026
ingénieur / ingénieure systèmes embarqués;https://www.onisep.fr/http/redirection/metier/slug/MET.244;Les métiers de l'électronique et de la robotique;Parcours;2022;9782273015974;GFE H : électricité, énergie, électronique;H1206 | H2502;Management et ingénierie études, recherche et développement industriel | Management et ingénierie de production;https://candidat.francetravail.fr/metierscope/fiche-metier/H1206 | https://candidat.francetravail.fr/metierscope/fiche-metier/H2502;informatique, Internet/développement, programmation, logiciel| électricité, électronique, robotique/électronique| électricité, électronique, robotique/télécommunications;06/06/2020;23/06/2026
ingénieur forestier / ingénieure forestière;https://www.onisep.fr/http/redirection/metier/slug/MET.156;Les métiers de l'environnement et du développement durable;Parcours;2024;9782273017008;GFE A : agriculture;A1303;Ingénierie en agriculture et environnement naturel;https://candidat.francetravail.fr/metierscope/fiche-metier/A1303;agriculture, animaux/forêt;06/06/2020;29/05/2026
ingénieur technico-commercial / ingénieure technico-commerciale en informatique;https://www.onisep.fr/http/redirection/metier/slug/MET.204;Les métiers de l'informatique;Parcours;2022;9782273016155;GFE P : Gestion et traitement de l'information (informatique, statistique, documentation);D1407;Relation technico-commerciale;https://candidat.francetravail.fr/metierscope/fiche-metier/D1407;informatique, Internet/informatique (généralités)| commerce, marketing, vente/marketing, vente;06/06/2020;01/05/2026
journaliste;https://www.onisep.fr/http/redirection/metier/slug/MET.45;Les métiers de l'information et de la communication;Parcours;2021;9782273015950;GFE U : communication, médias;E1106;Journalisme et information média;https://candidat.francetravail.fr/metierscope/fiche-metier/E1106;information-communication, audiovisuel/journalisme, édition, publicité;06/06/2020;22/05/2026
juriste du sport;https://www.onisep.fr/http/redirection/metier/slug/MET.8102;;pas de publication Onisep spécifique;;;GFE W : droit, enseignement, recherche et sciences humaines;K1903;Défense et conseil juridique;https://candidat.francetravail.fr/metierscope/fiche-metier/K1903;économie, droit, politique/droit appliqué;17/02/2025;29/05/2026
magasinier / magasinière cariste;https://www.onisep.fr/http/redirection/metier/slug/MET.181;Les métiers du transport et de la logistique;Parcours;2024;9782273016926;GFE O : transport, logistique;N1103;Magasinage et préparation de commandes;https://candidat.francetravail.fr/metierscope/fiche-metier/N1103;logistique, transport/logistique| logistique, transport/transport;06/06/2020;23/07/2025
mandataire judiciaire à la protection des majeurs;https://www.onisep.fr/http/redirection/metier/slug/MET.7965;;pas de publication Onisep spécifique;;;GFE R : santé, social, soins personnels;K1102;Aide aux bénéficiaires d'une mesure de protection juridique;https://candidat.francetravail.fr/metierscope/fiche-metier/K1102;économie, droit, politique/activité judiciaire| santé, social, sport/travail social;18/06/2024;13/05/2026
matelot / matelote de la marine nationale;https://www.onisep.fr/http/redirection/metier/slug/MET.889;;pas de publication Onisep spécifique;;;GFE T : environnement, nettoyage, sécurité;N3102;Equipage de la navigation maritime;https://candidat.francetravail.fr/metierscope/fiche-metier/N3102;armée, sécurité/défense publique| électricité, électronique, robotique/électrotechnique| mécanique/mécanique (généralités);06/06/2020;20/03/2026
médiateur / médiatrice familiale;https://www.onisep.fr/http/redirection/metier/slug/MET.89;Travail social;Parcours;2024;9782273016827;GFE R : santé, social, soins personnels;K1101;Accompagnement et médiation familiale;https://candidat.francetravail.fr/metierscope/fiche-metier/K1101;histoire-géographie, psychologie, sociologie/psychologie| santé, social, sport/travail social;06/06/2020;22/05/2026
modéliste;https://www.onisep.fr/http/redirection/metier/slug/MET.552;Les métiers de l'industrie textile;Zoom sur les métiers;2022;9782273015585;GFE L : textile, habillement, cuir;H1205;Études - modèles en industrie des matériaux souples;https://candidat.francetravail.fr/metierscope/fiche-metier/H1205;arts, culture, artisanat/arts graphiques| matières premières, fabrication, industries/textile, habillement;06/06/2020;23/06/2026
monteur-vendeur / monteuse-vendeuse en optique-lunetterie;https://www.onisep.fr/http/redirection/metier/slug/MET.744;Les métiers du commerce et de la vente;Zoom sur les métiers;2022;9782273016230;GFE R : santé, social, soins personnels;J1405;Optique - lunetterie;https://candidat.francetravail.fr/metierscope/fiche-metier/J1405;santé, social, sport/paramédical;06/06/2020;13/03/2025
officier / officière de l'armée de terre;https://www.onisep.fr/http/redirection/metier/slug/MET.567;;pas de publication Onisep spécifique;;;GFE T : environnement, nettoyage, sécurité;K1703;Direction opérationnelle de la défense;https://candidat.francetravail.fr/metierscope/fiche-metier/K1703;armée, sécurité/défense publique;06/06/2020;16/06/2026
orthophoniste;https://www.onisep.fr/http/redirection/metier/slug/MET.765;Les métiers du paramédical;Parcours;2022;9782273016117;GFE R : santé, social, soins personnels;J1406;Orthophonie;https://candidat.francetravail.fr/metierscope/fiche-metier/J1406;santé, social, sport/paramédical;06/06/2020;19/03/2026
pâtissier / pâtissière de restaurant;https://www.onisep.fr/http/redirection/metier/slug/MET.7993;Les métiers de l'élevage et de l'alimentation;Zoom sur les métiers;2021;9782273015523;GFE K : production alimentaire;G1602;Personnel de cuisine;https://candidat.francetravail.fr/metierscope/fiche-metier/G1602;matières premières, fabrication, industries/agroalimentaire;19/09/2024;27/05/2026
pharmacien distributeur / pharmacienne distributrice en gros;https://www.onisep.fr/http/redirection/metier/slug/MET.7860;;pas de publication Onisep spécifique;;;GFE R : santé, social, soins personnels;J1202;Pharmacie;https://candidat.francetravail.fr/metierscope/fiche-metier/J1202;logistique, transport/logistique| santé, social, sport/médical;17/07/2023;08/01/2026
polisseur / polisseuse en horlogerie;https://www.onisep.fr/http/redirection/metier/slug/MET.8221;;pas de publication Onisep spécifique;;;GFE E : travail des métaux;B16;Métal, verre, bijouterie et horlogerie;https://candidat.francetravail.fr/metierscope/fiche-metier/B16;arts, culture, artisanat/artisanat d'art| mécanique/mécanique (généralités);23/01/2026;22/05/2026
professeur / professeure de langue des signes française (LSF);https://www.onisep.fr/http/redirection/metier/slug/MET.8195;;pas de publication Onisep spécifique;;;GFE W : droit, enseignement, recherche et sciences humaines;;;;lettres, langues, enseignement/enseignement| lettres, langues, enseignement/lettres, linguistique;29/07/2025;29/01/2026
réalisateur / réalisatrice 3D;https://www.onisep.fr/http/redirection/metier/slug/MET.252;;pas de publication Onisep spécifique;;;GFE V : arts, spectacle, audiovisuel;L1304;Réalisation cinématographique et audiovisuelle;https://candidat.francetravail.fr/metierscope/fiche-metier/L1304;arts, culture, artisanat/arts graphiques| information-communication, audiovisuel/audiovisuel| information-communication, audiovisuel/multimédia;06/06/2020;27/04/2026
régisseur / régisseuse de spectacles;https://www.onisep.fr/http/redirection/metier/slug/MET.452;Les études d'art;Dossiers;2023;9782273016506;GFE V : arts, spectacle, audiovisuel;L1509;Régie générale;https://candidat.francetravail.fr/metierscope/fiche-metier/L1509;arts, culture, artisanat/arts du spectacle;06/06/2020;16/06/2026
responsable d'équipe ou de projet en bibliothèque-médiathèque;https://www.onisep.fr/http/redirection/metier/slug/MET.44;Les métiers de l'information et de la communication;Parcours;2021;9782273015950;GFE P : Gestion et traitement de l'information (informatique, statistique, documentation);K1601;Gestion de l'information et de la documentation;https://candidat.francetravail.fr/metierscope/fiche-metier/K1601;information-communication, audiovisuel/bibliothèque, documentation;06/06/2020;17/06/2026
responsable de maintenance des installations ferroviaires;https://www.onisep.fr/http/redirection/metier/slug/MET.853;;pas de publication Onisep spécifique;;;GFE F : mécanique;I1304;Installation et maintenance d'équipements industriels et d'exploitation;https://candidat.francetravail.fr/metierscope/fiche-metier/I1304;matières premières, fabrication, industries/maintenance, qualité| mécanique/mécanique (généralités);06/06/2020;25/06/2026
responsable du recrutement;https://www.onisep.fr/http/redirection/metier/slug/MET.756;Gestion, comptabilité et ressources humaines;Parcours;2021;9782273015769;GFE Q : commerce, gestion, finances;M1502;Développement des ressources humaines;https://candidat.francetravail.fr/metierscope/fiche-metier/M1502;gestion des entreprises, comptabilité/ressources humaines;06/06/2020;01/06/2026
sculpteur / sculptrice ornemaniste sur pierre;https://www.onisep.fr/http/redirection/metier/slug/MET.7914;;pas de publication Onisep spécifique;;;GFE C : bâtiment;F1612;Taille et décoration de pierres;https://candidat.francetravail.fr/metierscope/fiche-metier/F1612;arts, culture, artisanat/artisanat d'art| matières premières, fabrication, industries/mines et carrières| arts, culture, artisanat/restauration d'art;20/02/2024;23/06/2026
serveur / serveuse en restauration (restaurant, café-bar-brasserie);https://www.onisep.fr/http/redirection/metier/slug/MET.535;Les métiers de l'hôtellerie et de la restauration;Parcours;2022;9782273016179;GFE S : hôtellerie,  tourisme, loisirs;G1801;Café, bar brasserie;https://candidat.francetravail.fr/metierscope/fiche-metier/G1801;hôtellerie-restauration, tourisme/restauration;06/06/2020;12/05/2026
spécialiste des affaires réglementaires en chimie;https://www.onisep.fr/http/redirection/metier/slug/MET.736;Les métiers de l'industrie du médicament;Zoom sur les métiers;2024;9782273017206;GFE J : transformation des matériaux, procédés (biologie, chimie, physique);H1502;Management et ingénierie qualité industrielle;https://candidat.francetravail.fr/metierscope/fiche-metier/H1502;sciences/biologie| sciences/chimie| économie, droit, politique/droit (généralités);06/06/2020;13/05/2026
surveillant / surveillante du Palais du Luxembourg;https://www.onisep.fr/http/redirection/metier/slug/MET.7908;;pas de publication Onisep spécifique;;;GFE T : environnement, nettoyage, sécurité;;;;armée, sécurité/sécurité, prévention;13/02/2024;30/01/2025
technicien / technicienne de forge;https://www.onisep.fr/http/redirection/metier/slug/MET.550;Les métiers de la production industrielle;Zoom sur les métiers;2024;9782273017220;GFE E : travail des métaux;H2904;Conduite d'équipement de déformation des métaux;https://candidat.francetravail.fr/metierscope/fiche-metier/H2904;mécanique/travail des métaux;06/06/2020;09/03/2026
technicien / technicienne de production en biologie;https://www.onisep.fr/http/redirection/metier/slug/MET.8063;Les métiers de la biologie;Parcours;2024;9782273016902;GFE J : transformation des matériaux, procédés (biologie, chimie, physique);;;;matières premières, fabrication, industries/agroalimentaire| sciences/biologie| sciences/chimie| matières premières, fabrication, industries/fonction production (généralités)| santé, social, sport/médical;17/02/2025;02/03/2026
technicien / technicienne paysagiste;https://www.onisep.fr/http/redirection/metier/slug/MET.197;Les métiers de l'architecture, de l'urbanisme et du paysage;Parcours;2024;9782273016889;GFE T : environnement, nettoyage, sécurité;A1203;Aménagement et entretien des espaces verts;https://candidat.francetravail.fr/metierscope/fiche-metier/A1203;environnement, énergies, propreté/aménagement paysager;06/06/2020;23/04/2026
technicien démonstrateur / technicienne démonstratrice en matériel agricole;https://www.onisep.fr/http/redirection/metier/slug/MET.732;Agriculture et forêt;Parcours;2024;9782273016841;GFE A : agriculture;;;;mécanique/machinisme agricole;06/06/2020;04/06/2026
trader (opérateur / opératrice de marché);https://www.onisep.fr/http/redirection/metier/slug/MET.757;Ecoles de commerce;Dossiers;2026;9782273017466;GFE Q : commerce, gestion, finances;C1301;Front office marchés financiers;https://candidat.francetravail.fr/metierscope/fiche-metier/C1301;banque, assurances, immobilier/finances;06/06/2020;01/06/2026
vendeur / vendeuse conseil caviste;https://www.onisep.fr/http/redirection/metier/slug/MET.631;Les métiers du goût et des saveurs;Parcours;2021;9782273015721;GFE Q : commerce, gestion, finances;D1106;Vente en alimentation;https://candidat.francetravail.fr/metierscope/fiche-metier/D1106;matières premières, fabrication, industries/agroalimentaire| commerce, marketing, vente/grande distribution et petits commerces;06/06/2020;04/06/2026
visiteur médical / visiteuse médicale;https://www.onisep.fr/http/redirection/metier/slug/MET.418;Les métiers de l'industrie du médicament;Zoom sur les métiers;2024;9782273017206;GFE R : santé, social, soins personnels;D1405;Conseil en information médicale;https://candidat.francetravail.fr/metierscope/fiche-metier/D1405;santé, social, sport/paramédical;06/06/2020;17/06/2026
ingénieur / ingénieure de recherche clinique et épidémiologique;https://www.onisep.fr/http/redirection/metier/slug/MET.844;Les métiers de l'industrie du médicament;Zoom sur les métiers;2024;9782273017206;GFE R : santé, social, soins personnels;K2402;Recherche en sciences de l'univers, de la matière et du vivant;https://candidat.francetravail.fr/metierscope/fiche-metier/K2402;santé, social, sport/médical| santé, social, sport/santé (généralités);06/06/2020;20/03/2025
ingénieur / ingénieure en expérimentation et production végétales;https://www.onisep.fr/http/redirection/metier/slug/MET.103;Agriculture et forêt;Parcours;2024;9782273016841;GFE A : agriculture;H2502;Management et ingénierie de production;https://candidat.francetravail.fr/metierscope/fiche-metier/H2502;agriculture, animaux/agriculture (généralités)| sciences/biologie| agriculture, animaux/cultures;06/06/2020;03/06/2026
ingénieur / ingénieure logiciel;https://www.onisep.fr/http/redirection/metier/slug/MET.707;Les métiers de l'informatique;Parcours;2022;9782273016155;GFE P : Gestion et traitement de l'information (informatique, statistique, documentation);M1805;Études et développement informatique;https://candidat.francetravail.fr/metierscope/fiche-metier/M1805;informatique, Internet/développement, programmation, logiciel;06/06/2020;02/06/2026
ingénieur / ingénieure production en aéronautique;https://www.onisep.fr/http/redirection/metier/slug/MET.211;Les métiers de l'industrie aéronautique et spatiale;Parcours;2023;9782273016292;GFE F : mécanique;H2502;Management et ingénierie de production;https://candidat.francetravail.fr/metierscope/fiche-metier/H2502;mécanique/aéronautique| mécanique/mécanique (généralités)| matières premières, fabrication, industries/méthodes industrialisation;06/06/2020;30/04/2026
ingénieur / ingénieure textile;https://www.onisep.fr/http/redirection/metier/slug/MET.480;Mode et luxe;Parcours;2024;9782273016803;GFE L : textile, habillement, cuir;H1206;Management et ingénierie études, recherche et développement industriel;https://candidat.francetravail.fr/metierscope/fiche-metier/H1206;matières premières, fabrication, industries/textile, habillement;06/06/2020;18/06/2026
ingénieur mathématicien / ingénieure mathématicienne;https://www.onisep.fr/http/redirection/metier/slug/MET.931;Mathématiques, statistiques et informatique;Zoom sur les métiers;2021;9782273015547;GFE P : Gestion et traitement de l'information (informatique, statistique, documentation);K2402;Recherche en sciences de l'univers, de la matière et du vivant;https://candidat.francetravail.fr/metierscope/fiche-metier/K2402;sciences/mathématiques;06/06/2020;13/05/2026
inséminateur / inséminatrice;https://www.onisep.fr/http/redirection/metier/slug/MET.831;Agriculture et forêt;Parcours;2024;9782273016841;GFE A : agriculture;A1303;Ingénierie en agriculture et environnement naturel;https://candidat.francetravail.fr/metierscope/fiche-metier/A1303;agriculture, animaux/élevage, aquaculture| agriculture, animaux/soins aux animaux;06/06/2020;29/05/2026
journaliste reporter d'images;https://www.onisep.fr/http/redirection/metier/slug/MET.677;Les métiers de l'information et de la communication;Parcours;2021;9782273015950;GFE U : communication, médias;E1106;Journalisme et information média;https://candidat.francetravail.fr/metierscope/fiche-metier/E1106;information-communication, audiovisuel/journalisme, édition, publicité;06/06/2020;20/05/2026
juriste en propriété intellectuelle;https://www.onisep.fr/http/redirection/metier/slug/MET.333;Les métiers du droit;Parcours;2024;9782273016865;GFE W : droit, enseignement, recherche et sciences humaines;K1903;Défense et conseil juridique;https://candidat.francetravail.fr/metierscope/fiche-metier/K1903;économie, droit, politique/droit privé;06/06/2020;16/05/2026
magistrat administratif / magistrate administrative;https://www.onisep.fr/http/redirection/metier/slug/MET.8200;;pas de publication Onisep spécifique;;;GFE W : droit, enseignement, recherche et sciences humaines;K1904;Magistrature;https://candidat.francetravail.fr/metierscope/fiche-metier/K1904;économie, droit, politique/activité judiciaire;29/07/2025;03/06/2026
manipulateur / manipulatrice d'électroradiologie médicale;https://www.onisep.fr/http/redirection/metier/slug/MET.416;Les métiers du paramédical;Parcours;2022;9782273016117;GFE R : santé, social, soins personnels;J1306;Imagerie médicale;https://candidat.francetravail.fr/metierscope/fiche-metier/J1306;santé, social, sport/paramédical;06/06/2020;17/06/2026
mécanicien / mécanicienne en engins de travaux publics;https://www.onisep.fr/http/redirection/metier/slug/MET.430;Les métiers du bâtiment et des travaux publics;Parcours;2023;9782273016445;GFE C : bâtiment;I1603;Maintenance d'engins de chantier, levage, manutention et de machines agricoles;https://candidat.francetravail.fr/metierscope/fiche-metier/I1603;mécanique/engins| construction, architecture, travaux publics/travaux publics;06/06/2020;24/06/2026
médiateur / médiatrice scientifique;https://www.onisep.fr/http/redirection/metier/slug/MET.108;;pas de publication Onisep spécifique;;;GFE W : droit, enseignement, recherche et sciences humaines;;;;sciences/biologie| sciences/chimie| informatique, Internet/informatique (généralités)| sciences/mathématiques| sciences/physique;06/06/2020;22/05/2026
moniteur / monitrice d'atelier;https://www.onisep.fr/http/redirection/metier/slug/MET.8189;;pas de publication Onisep spécifique;;;GFE R : santé, social, soins personnels;;;;santé, social, sport/travail social;29/07/2025;06/02/2026
monteur-vendeur / monteuse-vendeuse en optique-lunetterie;https://www.onisep.fr/http/redirection/metier/slug/MET.744;Les métiers du paramédical;Parcours;2022;9782273016117;GFE R : santé, social, soins personnels;J1405;Optique - lunetterie;https://candidat.francetravail.fr/metierscope/fiche-metier/J1405;santé, social, sport/paramédical;06/06/2020;13/03/2025
opérateur / opératrice de raffinerie;https://www.onisep.fr/http/redirection/metier/slug/MET.305;Les métiers de l'énergie;Parcours;2022;9782273015998;GFE H : électricité, énergie, électronique;H2701;Pilotage d'installation énergétique et pétrochimique;https://candidat.francetravail.fr/metierscope/fiche-metier/H2701;sciences/chimie| environnement, énergies, propreté/énergies;06/06/2020;22/05/2026
ostéopathe;https://www.onisep.fr/http/redirection/metier/slug/MET.221;Les métiers du paramédical;Parcours;2022;9782273016117;GFE R : santé, social, soins personnels;J1408;Ostéopathie et chiropraxie;https://candidat.francetravail.fr/metierscope/fiche-metier/J1408;santé, social, sport/paramédical;06/06/2020;30/04/2026
paysagiste;https://www.onisep.fr/http/redirection/metier/slug/MET.158;Les métiers de l'architecture, de l'urbanisme et du paysage;Parcours;2024;9782273016889;GFE T : environnement, nettoyage, sécurité;A1303;Ingénierie en agriculture et environnement naturel;https://candidat.francetravail.fr/metierscope/fiche-metier/A1303;environnement, énergies, propreté/aménagement paysager;06/06/2020;28/05/2026
physicien médical / physicienne médicale;https://www.onisep.fr/http/redirection/metier/slug/MET.366;;pas de publication Onisep spécifique;;;GFE R : santé, social, soins personnels;H1206;Management et ingénierie études, recherche et développement industriel;https://candidat.francetravail.fr/metierscope/fiche-metier/H1206;sciences/physique| santé, social, sport/santé (généralités);06/06/2020;11/04/2025
préposé / préposée au tir;https://www.onisep.fr/http/redirection/metier/slug/MET.7778;Les métiers du bâtiment et des travaux publics;Parcours;2023;9782273016445;GFE C : bâtiment;F1402;Extraction solide;https://candidat.francetravail.fr/metierscope/fiche-metier/F1402;construction, architecture, travaux publics/travaux publics;16/03/2023;23/06/2026
prothésiste dentaire;https://www.onisep.fr/http/redirection/metier/slug/MET.411;Les métiers du paramédical;Parcours;2022;9782273016117;GFE R : santé, social, soins personnels;J1410;Prothèses dentaires;https://candidat.francetravail.fr/metierscope/fiche-metier/J1410;santé, social, sport/paramédical;06/06/2020;30/04/2026
réceptionniste;https://www.onisep.fr/http/redirection/metier/slug/MET.3;Les métiers des grands événements culturels et sportifs;Zoom sur les métiers;2023;9782273016742;GFE S : hôtellerie,  tourisme, loisirs;G1703;Réception en hôtellerie;https://candidat.francetravail.fr/metierscope/fiche-metier/G1703;hôtellerie-restauration, tourisme/hôtellerie| hôtellerie-restauration, tourisme/tourisme;06/06/2020;12/05/2026
reporter-photographe / reportrice-photographe;https://www.onisep.fr/http/redirection/metier/slug/MET.586;Les métiers de l'information et de la communication;Parcours;2021;9782273015950;GFE U : communication, médias;E1106;Journalisme et information média;https://candidat.francetravail.fr/metierscope/fiche-metier/E1106;information-communication, audiovisuel/audiovisuel;06/06/2020;24/06/2026
responsable de casting (régisseur / régisseuse de distribution);https://www.onisep.fr/http/redirection/metier/slug/MET.382;;pas de publication Onisep spécifique;;;GFE V : arts, spectacle, audiovisuel;L1303;Promotion d'artistes et de spectacles;https://candidat.francetravail.fr/metierscope/fiche-metier/L1303;arts, culture, artisanat/arts du spectacle| information-communication, audiovisuel/audiovisuel;06/06/2020;20/04/2026
responsable de réseau d'assainissement;https://www.onisep.fr/http/redirection/metier/slug/MET.822;Les métiers de l'environnement et du développement durable;Parcours;2024;9782273017008;GFE T : environnement, nettoyage, sécurité;K2302;Management et inspection en environnement urbain;https://candidat.francetravail.fr/metierscope/fiche-metier/K2302;environnement, énergies, propreté/gestion de l'eau| sciences/sciences de la Terre;06/06/2020;15/06/2026
responsable du recrutement;https://www.onisep.fr/http/redirection/metier/slug/MET.756;Ecoles de commerce;Dossiers;2026;9782273017466;GFE Q : commerce, gestion, finances;M1502;Développement des ressources humaines;https://candidat.francetravail.fr/metierscope/fiche-metier/M1502;gestion des entreprises, comptabilité/ressources humaines;06/06/2020;01/06/2026
sculpteur / sculptrice sur bois;https://www.onisep.fr/http/redirection/metier/slug/MET.394;Les métiers de l'artisanat d'art;Parcours;2023;9782273016353;GFE M : travail du bois;H2208;Réalisation d'ouvrages décoratifs en bois;https://candidat.francetravail.fr/metierscope/fiche-metier/H2208;arts, culture, artisanat/artisanat d'art;06/06/2020;07/03/2025
serveur / serveuse en restauration (restaurant, café-bar-brasserie);https://www.onisep.fr/http/redirection/metier/slug/MET.535;Les métiers des services, spécial alternance;Pourquoi pas moi ?;2023;9782273016667;GFE S : hôtellerie,  tourisme, loisirs;G1801;Café, bar brasserie;https://candidat.francetravail.fr/metierscope/fiche-metier/G1801;hôtellerie-restauration, tourisme/restauration;06/06/2020;12/05/2026
spécialiste en shiatsu;https://www.onisep.fr/http/redirection/metier/slug/MET.7767;;pas de publication Onisep spécifique;;;GFE R : santé, social, soins personnels;K1103;Développement personnel et bien-être de la personne;https://candidat.francetravail.fr/metierscope/fiche-metier/K1103;sciences/biologie;11/02/2022;06/05/2026
syndic de copropriété;https://www.onisep.fr/http/redirection/metier/slug/MET.764;Les métiers de l'immobilier;Parcours;2021;9782273015837;GFE Q : commerce, gestion, finances;C1501;Gérance immobilière;https://candidat.francetravail.fr/metierscope/fiche-metier/C1501;banque, assurances, immobilier/immobilier| matières premières, fabrication, industries/maintenance, qualité;06/06/2020;19/06/2026
technicien / technicienne de l'intervention sociale et familiale;https://www.onisep.fr/http/redirection/metier/slug/MET.189;Travail social;Parcours;2024;9782273016827;GFE R : santé, social, soins personnels;K1305;Intervention sociale et familiale;https://candidat.francetravail.fr/metierscope/fiche-metier/K1305;santé, social, sport/travail social;06/06/2020;12/05/2026
technicien / technicienne en énergies renouvelables;https://www.onisep.fr/http/redirection/metier/slug/MET.391;;pas de publication Onisep spécifique;;;GFE H : électricité, énergie, électronique;I1304;Installation et maintenance d'équipements industriels et d'exploitation;https://candidat.francetravail.fr/metierscope/fiche-metier/I1304;environnement, énergies, propreté/énergies;06/06/2020;22/04/2026
technicien / technicienne photo;https://www.onisep.fr/http/redirection/metier/slug/MET.7947;;pas de publication Onisep spécifique;;;GFE U : communication, médias;E1203;Production en laboratoire photographique;https://candidat.francetravail.fr/metierscope/fiche-metier/E1203;information-communication, audiovisuel/audiovisuel;03/04/2024;23/06/2026
technicien intégrateur électronique / technicienne intégratrice électronique;https://www.onisep.fr/http/redirection/metier/slug/MET.198;Les métiers de l'industrie aéronautique et spatiale;Parcours;2023;9782273016292;GFE H : électricité, énergie, électronique;I1305;Installation et maintenance électronique;https://candidat.francetravail.fr/metierscope/fiche-metier/I1305;électricité, électronique, robotique/électronique| matières premières, fabrication, industries/maintenance, qualité;06/06/2020;10/04/2026
traducteur / traductrice français écrit / LSF;https://www.onisep.fr/http/redirection/metier/slug/MET.7902;;pas de publication Onisep spécifique;;;GFE U : communication, médias;E1108;Traduction, interprétariat;https://candidat.francetravail.fr/metierscope/fiche-metier/E1108;lettres, langues, enseignement/langues| lettres, langues, enseignement/lettres, linguistique;12/01/2024;03/02/2026
vendeur / vendeuse en magasin;https://www.onisep.fr/http/redirection/metier/slug/MET.860;Mode et luxe;Parcours;2024;9782273016803;GFE Q : commerce, gestion, finances;D1106 | D1212 | D1214;Vente en alimentation | Vente en décoration et équipement du foyer | Vente en habillement et accessoires de la personne;https://candidat.francetravail.fr/metierscope/fiche-metier/D1106 | https://candidat.francetravail.fr/metierscope/fiche-metier/D1212 | https://candidat.francetravail.fr/metierscope/fiche-metier/D1214;commerce, marketing, vente/grande distribution et petits commerces;06/06/2020;23/05/2025
webdesigner;https://www.onisep.fr/http/redirection/metier/slug/MET.450;Les métiers de l'informatique;Parcours;2022;9782273016155;GFE U : communication, médias;E1205;Réalisation de contenus multimédias;https://candidat.francetravail.fr/metierscope/fiche-metier/E1205;arts, culture, artisanat/arts graphiques| information-communication, audiovisuel/multimédia;06/06/2020;17/06/2026
ingénieur / ingénieure de recherche clinique et épidémiologique;https://www.onisep.fr/http/redirection/metier/slug/MET.844;Les métiers du médical;Parcours;2021;9782273015813;GFE R : santé, social, soins personnels;K2402;Recherche en sciences de l'univers, de la matière et du vivant;https://candidat.francetravail.fr/metierscope/fiche-metier/K2402;santé, social, sport/médical| santé, social, sport/santé (généralités);06/06/2020;20/03/2025
ingénieur / ingénieure en génie climatique;https://www.onisep.fr/http/redirection/metier/slug/MET.61;Les métiers du bâtiment et des travaux publics;Parcours;2023;9782273016445;GFE H : électricité, énergie, électronique;F1106;Ingénierie et études du BTP;https://candidat.francetravail.fr/metierscope/fiche-metier/F1106;environnement, énergies, propreté/énergies| construction, architecture, travaux publics/équipement technique;06/06/2020;12/03/2026
ingénieur / ingénieure intégration satellite;https://www.onisep.fr/http/redirection/metier/slug/MET.231;Les métiers de l'industrie aéronautique et spatiale;Parcours;2023;9782273016292;GFE F : mécanique;H1206;Management et ingénierie études, recherche et développement industriel;https://candidat.francetravail.fr/metierscope/fiche-metier/H1206;mécanique/aéronautique| mécanique/mécanique (généralités)| électricité, électronique, robotique/télécommunications;06/06/2020;26/05/2026
ingénieur / ingénieure réalité virtuelle;https://www.onisep.fr/http/redirection/metier/slug/MET.245;;pas de publication Onisep spécifique;;;GFE P : Gestion et traitement de l'information (informatique, statistique, documentation);M1805;Études et développement informatique;https://candidat.francetravail.fr/metierscope/fiche-metier/M1805;informatique, Internet/développement, programmation, logiciel| matières premières, fabrication, industries/études et développement| informatique, Internet/informatique (généralités);06/06/2020;19/05/2026
ingénieur / ingénieure télécoms et réseaux;https://www.onisep.fr/http/redirection/metier/slug/MET.887;Les métiers de l'informatique;Parcours;2022;9782273016155;GFE H : électricité, énergie, électronique;M1804;Études et développement de réseaux de télécoms;https://candidat.francetravail.fr/metierscope/fiche-metier/M1804;électricité, électronique, robotique/électronique| informatique, Internet/systèmes et réseaux| électricité, électronique, robotique/télécommunications;06/06/2020;15/06/2026
ingénieur forestier / ingénieure forestière;https://www.onisep.fr/http/redirection/metier/slug/MET.156;Les métiers du bois;Zoom sur les métiers;2023;9782273016704;GFE A : agriculture;A1303;Ingénierie en agriculture et environnement naturel;https://candidat.francetravail.fr/metierscope/fiche-metier/A1303;agriculture, animaux/forêt;06/06/2020;29/05/2026
inspecteur / inspectrice des douanes et droits indirects;https://www.onisep.fr/http/redirection/metier/slug/MET.59;;pas de publication Onisep spécifique;;;GFE Q : commerce, gestion, finances;K1505;Protection des consommateurs et contrôle des échanges commerciaux;https://candidat.francetravail.fr/metierscope/fiche-metier/K1505;économie, droit, politique/droit public| armée, sécurité/sécurité, prévention;06/06/2020;28/05/2026
journaliste radio et TV;https://www.onisep.fr/http/redirection/metier/slug/MET.253;Les métiers de l'information et de la communication;Parcours;2021;9782273015950;GFE U : communication, médias;E1106;Journalisme et information média;https://candidat.francetravail.fr/metierscope/fiche-metier/E1106;information-communication, audiovisuel/journalisme, édition, publicité;06/06/2020;13/05/2026
juriste RGPD;https://www.onisep.fr/http/redirection/metier/slug/MET.8104;;pas de publication Onisep spécifique;;;GFE W : droit, enseignement, recherche et sciences humaines;K1903;Défense et conseil juridique;https://candidat.francetravail.fr/metierscope/fiche-metier/K1903;économie, droit, politique/droit appliqué;17/02/2025;26/06/2026
magistrat / magistrate;https://www.onisep.fr/http/redirection/metier/slug/MET.769;;pas de publication Onisep spécifique;;;GFE W : droit, enseignement, recherche et sciences humaines;K1904;Magistrature;https://candidat.francetravail.fr/metierscope/fiche-metier/K1904;économie, droit, politique/activité judiciaire;06/06/2020;06/05/2026
mannequin;https://www.onisep.fr/http/redirection/metier/slug/MET.504;;pas de publication Onisep spécifique;;;GFE S : hôtellerie,  tourisme, loisirs;L1102;Mannequinat et pose artistique;https://candidat.francetravail.fr/metierscope/fiche-metier/L1102;santé, social, sport/esthétique;06/06/2020;12/05/2026
mécanicien / mécanicienne marine navigant;https://www.onisep.fr/http/redirection/metier/slug/MET.596;Les métiers du transport et de la logistique;Parcours;2024;9782273016926;GFE F : mécanique;I1605;Mécanique de marine;https://candidat.francetravail.fr/metierscope/fiche-metier/I1605;mécanique/construction navale| électricité, électronique, robotique/électrotechnique| matières premières, fabrication, industries/maintenance, qualité;06/06/2020;15/05/2026
médiateur social / médiatrice sociale;https://www.onisep.fr/http/redirection/metier/slug/MET.132;;pas de publication Onisep spécifique;;;GFE R : santé, social, soins personnels;K1204;Médiation sociale et facilitation de la vie en société;https://candidat.francetravail.fr/metierscope/fiche-metier/K1204;armée, sécurité/sécurité, prévention| santé, social, sport/travail social;06/06/2020;12/05/2026
moniteur / monitrice de judo;https://www.onisep.fr/http/redirection/metier/slug/MET.8105;Les métiers du sport;Parcours;2024;9782273016988;GFE S : hôtellerie,  tourisme, loisirs;G1204;Éducation en activités sportives;https://candidat.francetravail.fr/metierscope/fiche-metier/G1204;santé, social, sport/sport;17/02/2025;27/10/2025
mosaïste d'art;https://www.onisep.fr/http/redirection/metier/slug/MET.514;Les métiers de l'artisanat d'art;Parcours;2023;9782273016353;GFE V : arts, spectacle, audiovisuel;F1612;Taille et décoration de pierres;https://candidat.francetravail.fr/metierscope/fiche-metier/F1612;arts, culture, artisanat/artisanat d'art| construction, architecture, travaux publics/finition;06/06/2020;12/05/2026
opérateur / opératrice en signalétique;https://www.onisep.fr/http/redirection/metier/slug/MET.7945;;pas de publication Onisep spécifique;;;GFE U : communication, médias;E1306;Prépresse;https://candidat.francetravail.fr/metierscope/fiche-metier/E1306;arts, culture, artisanat/arts graphiques;03/04/2024;15/06/2026
ouvrier / ouvrière agricole;https://www.onisep.fr/http/redirection/metier/slug/MET.903;Agriculture et forêt;Parcours;2024;9782273016841;GFE A : agriculture;A1416;Polyculture, élevage;https://candidat.francetravail.fr/metierscope/fiche-metier/A1416;agriculture, animaux/cultures| agriculture, animaux/élevage, aquaculture;06/06/2020;29/05/2026
pédiatre;https://www.onisep.fr/http/redirection/metier/slug/MET.335;Les métiers du médical;Parcours;2021;9782273015813;GFE R : santé, social, soins personnels;J1102;Médecine généraliste et spécialisée;https://candidat.francetravail.fr/metierscope/fiche-metier/J1102;santé, social, sport/médical;06/06/2020;27/02/2026
pilote d'hélicoptère;https://www.onisep.fr/http/redirection/metier/slug/MET.358;;pas de publication Onisep spécifique;;;GFE O : transport, logistique;N2102;Pilotage et navigation technique aérienne;https://candidat.francetravail.fr/metierscope/fiche-metier/N2102;armée, sécurité/défense publique| logistique, transport/transport;06/06/2020;08/05/2026
product owner (chef / cheffe de projet numérique);https://www.onisep.fr/http/redirection/metier/slug/MET.7958;;pas de publication Onisep spécifique;;;GFE P : Gestion et traitement de l'information (informatique, statistique, documentation);M1806;Conseil et maîtrise d'ouvrage en systèmes d'information;https://candidat.francetravail.fr/metierscope/fiche-metier/M1806;informatique, Internet/informatique (généralités);07/05/2024;12/05/2026
psychologue de l'Éducation nationale spécialité éducation, développement et apprentissages;https://www.onisep.fr/http/redirection/metier/slug/MET.361;Travail social;Parcours;2024;9782273016827;GFE R : santé, social, soins personnels;K2112;Orientation scolaire et professionnelle;https://candidat.francetravail.fr/metierscope/fiche-metier/K2112;histoire-géographie, psychologie, sociologie/psychologie;06/06/2020;25/03/2026
rédacteur / rédactrice technique;https://www.onisep.fr/http/redirection/metier/slug/MET.360;;pas de publication Onisep spécifique;;;GFE U : communication, médias;H1207;Rédaction technique;https://candidat.francetravail.fr/metierscope/fiche-metier/H1207;lettres, langues, enseignement/langues;06/06/2020;12/05/2026
responsable biométrie;https://www.onisep.fr/http/redirection/metier/slug/MET.487;;pas de publication Onisep spécifique;;;GFE J : transformation des matériaux, procédés (biologie, chimie, physique);M1802;Expertise et support en systèmes d'information;https://candidat.francetravail.fr/metierscope/fiche-metier/M1802;sciences/biologie| sciences/mathématiques;06/06/2020;01/12/2025
responsable de la promotion des ventes;https://www.onisep.fr/http/redirection/metier/slug/MET.659;Les métiers de la presse d'information générale;Zoom sur les métiers;2026;9782273017640;GFE Q : commerce, gestion, finances;M1706;Promotion des ventes;https://candidat.francetravail.fr/metierscope/fiche-metier/M1706;commerce, marketing, vente/grande distribution et petits commerces| information-communication, audiovisuel/journalisme, édition, publicité| commerce, marketing, vente/marketing, vente;06/06/2020;26/06/2026
responsable des achats;https://www.onisep.fr/http/redirection/metier/slug/MET.8004;Quels métiers demain ? Spécial industrie;Dossiers;2023;9782273016643;GFE Q : commerce, gestion, finances;M1102;Direction des achats;https://candidat.francetravail.fr/metierscope/fiche-metier/M1102;commerce, marketing, vente/achat, approvisionnement;24/09/2024;26/06/2026
responsable marketing (mercatique) (mode);https://www.onisep.fr/http/redirection/metier/slug/MET.8118;;pas de publication Onisep spécifique;;;GFE Q : commerce, gestion, finances;M1705;Marketing;https://candidat.francetravail.fr/metierscope/fiche-metier/M1705;commerce, marketing, vente/marketing, vente;17/02/2025;27/11/2025
secrétaire de rédaction;https://www.onisep.fr/http/redirection/metier/slug/MET.46;Les métiers de l'information et de la communication;Parcours;2021;9782273015950;GFE U : communication, médias;E1106;Journalisme et information média;https://candidat.francetravail.fr/metierscope/fiche-metier/E1106;information-communication, audiovisuel/journalisme, édition, publicité;06/06/2020;18/06/2026
solier-moquettiste / solière-moquettiste;https://www.onisep.fr/http/redirection/metier/slug/MET.658;Les métiers du bâtiment et des travaux publics;Parcours;2023;9782273016445;GFE C : bâtiment;F1609;Pose de revêtements souples;https://candidat.francetravail.fr/metierscope/fiche-metier/F1609;construction, architecture, travaux publics/finition;06/06/2020;13/05/2026
statisticien / statisticienne en analyse sensorielle;https://www.onisep.fr/http/redirection/metier/slug/MET.230;Mathématiques, statistiques et informatique;Zoom sur les métiers;2021;9782273015547;GFE P : Gestion et traitement de l'information (informatique, statistique, documentation);M1403;Études et prospectives socio-économiques;https://candidat.francetravail.fr/metierscope/fiche-metier/M1403;sciences/mathématiques;06/06/2020;24/05/2026
technicien / technicienne automobile;https://www.onisep.fr/http/redirection/metier/slug/MET.664;Les métiers de l'automobile;Parcours;2020;9782273015172;GFE F : mécanique;I1604;Mécanique automobile et entretien de véhicules;https://candidat.francetravail.fr/metierscope/fiche-metier/I1604;mécanique/automobile| mécanique/mécanique (généralités);06/06/2020;24/06/2026
technicien / technicienne de l'intervention sociale et familiale;https://www.onisep.fr/http/redirection/metier/slug/MET.189;Travailler auprès des enfants;Parcours;2023;9782273016780;GFE R : santé, social, soins personnels;K1305;Intervention sociale et familiale;https://candidat.francetravail.fr/metierscope/fiche-metier/K1305;santé, social, sport/travail social;06/06/2020;12/05/2026
technicien / technicienne en lignes haute tension;https://www.onisep.fr/http/redirection/metier/slug/MET.862;;pas de publication Onisep spécifique;;;GFE H : électricité, énergie, électronique;F1605;Montage de réseaux électriques et télécoms;https://candidat.francetravail.fr/metierscope/fiche-metier/F1605;électricité, électronique, robotique/électrotechnique| environnement, énergies, propreté/énergies;06/06/2020;24/06/2026
technicien / technicienne plasturgiste;https://www.onisep.fr/http/redirection/metier/slug/MET.666;;pas de publication Onisep spécifique;;;GFE J : transformation des matériaux, procédés (biologie, chimie, physique);H3202;Réglage d'équipement de formage des plastiques et caoutchoucs;https://candidat.francetravail.fr/metierscope/fiche-metier/H3202;matières premières, fabrication, industries/céramique, composites| sciences/chimie| matières premières, fabrication, industries/plasturgie;06/06/2020;20/03/2025
technicien intégrateur électronique / technicienne intégratrice électronique;https://www.onisep.fr/http/redirection/metier/slug/MET.198;Les métiers de l'électronique et de la photonique;Zoom sur les métiers;2023;9782273016254;GFE H : électricité, énergie, électronique;I1305;Installation et maintenance électronique;https://candidat.francetravail.fr/metierscope/fiche-metier/I1305;électricité, électronique, robotique/électronique| matières premières, fabrication, industries/maintenance, qualité;06/06/2020;10/04/2026
traducteur / traductrice technique;https://www.onisep.fr/http/redirection/metier/slug/MET.354;Les métiers des langues et de l'international;Parcours;2022;9782273016018;GFE U : communication, médias;E1108;Traduction, interprétariat;https://candidat.francetravail.fr/metierscope/fiche-metier/E1108;lettres, langues, enseignement/langues;06/06/2020;17/06/2026
vendeur / vendeuse en micro-informatique et multimédia;https://www.onisep.fr/http/redirection/metier/slug/MET.594;Les métiers du commerce, du marketing et de la publicité;Parcours;2021;9782273015936;GFE Q : commerce, gestion, finances;D1212;Vente en décoration et équipement du foyer;https://candidat.francetravail.fr/metierscope/fiche-metier/D1212;commerce, marketing, vente/grande distribution et petits commerces| informatique, Internet/informatique (généralités);06/06/2020;30/01/2025
webdesigner;https://www.onisep.fr/http/redirection/metier/slug/MET.450;Les métiers du design;Parcours;2025;9782273017022;GFE U : communication, médias;E1205;Réalisation de contenus multimédias;https://candidat.francetravail.fr/metierscope/fiche-metier/E1205;arts, culture, artisanat/arts graphiques| information-communication, audiovisuel/multimédia;06/06/2020;17/06/2026
ingénieur / ingénieure en acoustique;https://www.onisep.fr/http/redirection/metier/slug/MET.728;Les métiers du bâtiment et des travaux publics;Parcours;2023;9782273016445;GFE C : bâtiment;F1106;Ingénierie et études du BTP;https://candidat.francetravail.fr/metierscope/fiche-metier/F1106;construction, architecture, travaux publics/génie civil| sciences/physique;06/06/2020;23/05/2025
ingénieur / ingénieure environnement;https://www.onisep.fr/http/redirection/metier/slug/MET.433;Les métiers de l'environnement et du développement durable;Parcours;2024;9782273017008;GFE T : environnement, nettoyage, sécurité;H1302;Management et ingénierie Hygiène Sécurité Environnement -HSE- industriels;https://candidat.francetravail.fr/metierscope/fiche-metier/H1302;environnement, énergies, propreté/déchets, pollutions et risques| environnement, énergies, propreté/environnement (généralités)| environnement, énergies, propreté/gestion de l'eau| armée, sécurité/sécurité, prévention;06/06/2020;05/05/2026
ingénieur / ingénieure machine learning (apprentissage automatique);https://www.onisep.fr/http/redirection/metier/slug/MET.8232;;pas de publication Onisep spécifique;;;GFE P : Gestion et traitement de l'information (informatique, statistique, documentation);;;;informatique, Internet/bases de données| informatique, Internet/développement, programmation, logiciel| informatique, Internet/informatique (généralités);10/02/2026;19/05/2026
ingénieur / ingénieure réservoir;https://www.onisep.fr/http/redirection/metier/slug/MET.821;Les métiers de l'énergie;Parcours;2022;9782273015998;GFE H : électricité, énergie, électronique;F1105;Études géologiques;https://candidat.francetravail.fr/metierscope/fiche-metier/F1105;environnement, énergies, propreté/énergies;06/06/2020;04/06/2026
ingénieur concepteur / ingénieure conceptrice en mécanique;https://www.onisep.fr/http/redirection/metier/slug/MET.949;;pas de publication Onisep spécifique;;;GFE F : mécanique;H2502;Management et ingénierie de production;https://candidat.francetravail.fr/metierscope/fiche-metier/H2502;matières premières, fabrication, industries/études et développement| informatique, Internet/informatique industrielle et technologique| mécanique/mécanique (généralités);06/06/2020;23/06/2026
ingénieur technico-commercial / ingénieure technico-commerciale en électronique;https://www.onisep.fr/http/redirection/metier/slug/MET.104;Les métiers du commerce, du marketing et de la publicité;Parcours;2021;9782273015936;GFE H : électricité, énergie, électronique;D1407;Relation technico-commerciale;https://candidat.francetravail.fr/metierscope/fiche-metier/D1407;électricité, électronique, robotique/électronique| commerce, marketing, vente/marketing, vente;06/06/2020;26/06/2026
instructeur / instructrice pour l'autonomie des personnes déficientes visuelles;https://www.onisep.fr/http/redirection/metier/slug/MET.8187;;pas de publication Onisep spécifique;;;GFE R : santé, social, soins personnels;;;;santé, social, sport/travail social;29/07/2025;04/02/2026
juriste droit de l'environnement;https://www.onisep.fr/http/redirection/metier/slug/MET.806;Les métiers de l'environnement et du développement durable;Parcours;2024;9782273017008;GFE W : droit, enseignement, recherche et sciences humaines;K1903;Défense et conseil juridique;https://candidat.francetravail.fr/metierscope/fiche-metier/K1903;économie, droit, politique/droit appliqué;06/06/2020;15/06/2026
linguiste;https://www.onisep.fr/http/redirection/metier/slug/MET.449;;pas de publication Onisep spécifique;;;GFE W : droit, enseignement, recherche et sciences humaines;K2401;Recherche en sciences de l'homme et de la société;https://candidat.francetravail.fr/metierscope/fiche-metier/K2401;lettres, langues, enseignement/lettres, linguistique;06/06/2020;30/01/2025
manager opérationnel / manager opérationnelle en restauration rapide;https://www.onisep.fr/http/redirection/metier/slug/MET.8039;Les métiers de l'hôtellerie et de la restauration;Parcours;2022;9782273016179;GFE S : hôtellerie,  tourisme, loisirs;G1402;Management d'hôtel-restaurant;https://candidat.francetravail.fr/metierscope/fiche-metier/G1402;hôtellerie-restauration, tourisme/hôtellerie| hôtellerie-restauration, tourisme/restauration;07/01/2025;12/05/2026
maréchal-ferrant / maréchale-ferrante;https://www.onisep.fr/http/redirection/metier/slug/MET.682;Travailler auprès des animaux;Parcours;2023;9782273016438;GFE A : agriculture;A1502;Podologie animale;https://candidat.francetravail.fr/metierscope/fiche-metier/A1502;agriculture, animaux/soins aux animaux;06/06/2020;02/06/2026
médecin humanitaire;https://www.onisep.fr/http/redirection/metier/slug/MET.344;Les métiers du médical;Parcours;2021;9782273015813;GFE R : santé, social, soins personnels;J1102;Médecine généraliste et spécialisée;https://candidat.francetravail.fr/metierscope/fiche-metier/J1102;santé, social, sport/médical| santé, social, sport/travail social;06/06/2020;06/02/2026
militaire technicien / technicienne de l'air (MTA);https://www.onisep.fr/http/redirection/metier/slug/MET.690;;pas de publication Onisep spécifique;;;GFE T : environnement, nettoyage, sécurité;K1701;Personnel de la Défense;https://candidat.francetravail.fr/metierscope/fiche-metier/K1701;mécanique/aéronautique| armée, sécurité/défense publique| électricité, électronique, robotique/électrotechnique| matières premières, fabrication, industries/maintenance, qualité;06/06/2020;23/05/2025
monteur échafaudeur / monteuse échafaudeuse;https://www.onisep.fr/http/redirection/metier/slug/MET.7917;;pas de publication Onisep spécifique;;;GFE C : bâtiment;F1502;Montage de structures métalliques;https://candidat.francetravail.fr/metierscope/fiche-metier/F1502;mécanique/travail des métaux;20/02/2024;25/06/2026
nivoculteur / nivocultrice;https://www.onisep.fr/http/redirection/metier/slug/MET.466;;pas de publication Onisep spécifique;;;GFE H : électricité, énergie, électronique;I1304;Installation et maintenance d'équipements industriels et d'exploitation;https://candidat.francetravail.fr/metierscope/fiche-metier/I1304;électricité, électronique, robotique/électrotechnique| matières premières, fabrication, industries/maintenance, qualité| mécanique/mécanique (généralités);06/06/2020;12/05/2026
opérateur / opératrice en traitement des matériaux;https://www.onisep.fr/http/redirection/metier/slug/MET.841;Les métiers de l'industrie aéronautique et spatiale;Parcours;2023;9782273016292;GFE J : transformation des matériaux, procédés (biologie, chimie, physique);H3402;Conduite de traitement par dépôt de surface;https://candidat.francetravail.fr/metierscope/fiche-metier/H3402;matières premières, fabrication, industries/métallurgie, sidérurgie| sciences/physique| mécanique/travail des métaux;06/06/2020;08/01/2026
paléontologue;https://www.onisep.fr/http/redirection/metier/slug/MET.929;;pas de publication Onisep spécifique;;;GFE W : droit, enseignement, recherche et sciences humaines;K2401;Recherche en sciences de l'homme et de la société;https://candidat.francetravail.fr/metierscope/fiche-metier/K2401;sciences/sciences de la Terre;06/06/2020;21/02/2025
pépiniériste;https://www.onisep.fr/http/redirection/metier/slug/MET.233;Agriculture et forêt;Parcours;2024;9782273016841;GFE A : agriculture;A1414;Horticulture et maraîchage;https://candidat.francetravail.fr/metierscope/fiche-metier/A1414;agriculture, animaux/cultures;06/06/2020;29/04/2026
plâtrier / plâtrière;https://www.onisep.fr/http/redirection/metier/slug/MET.538;Les métiers du bâtiment et des travaux publics;Parcours;2023;9782273016445;GFE C : bâtiment;F1601;Application et décoration en plâtre, stuc et staff;https://candidat.francetravail.fr/metierscope/fiche-metier/F1601;construction, architecture, travaux publics/plâtrerie;06/06/2020;24/06/2026
professeur / professeure de collège et de lycée;https://www.onisep.fr/http/redirection/metier/slug/MET.51;Les métiers des langues et de l'international;Parcours;2022;9782273016018;GFE W : droit, enseignement, recherche et sciences humaines;K2107;Enseignement général du second degré;https://candidat.francetravail.fr/metierscope/fiche-metier/K2107;lettres, langues, enseignement/enseignement;06/06/2020;21/05/2026
puériculteur / puéricultrice;https://www.onisep.fr/http/redirection/metier/slug/MET.163;Travailler auprès des enfants;Parcours;2023;9782273016780;GFE R : santé, social, soins personnels;J1507;Soins infirmiers spécialisés en puériculture;https://candidat.francetravail.fr/metierscope/fiche-metier/J1507;santé, social, sport/paramédical;06/06/2020;22/05/2026
réflexologue;https://www.onisep.fr/http/redirection/metier/slug/MET.497;;pas de publication Onisep spécifique;;;GFE R : santé, social, soins personnels;K1103;Développement personnel et bien-être de la personne;https://candidat.francetravail.fr/metierscope/fiche-metier/K1103;santé, social, sport/santé (généralités);06/06/2020;30/01/2025
responsable d'entrepôt;https://www.onisep.fr/http/redirection/metier/slug/MET.8110;Les métiers du transport et de la logistique;Parcours;2024;9782273016926;GFE O : transport, logistique;N1303;Intervention technique d'exploitation logistique;https://candidat.francetravail.fr/metierscope/fiche-metier/N1303;logistique, transport/logistique;17/02/2025;12/05/2026
responsable de laboratoire de recherche;https://www.onisep.fr/http/redirection/metier/slug/MET.109;Les métiers du médical;Parcours;2021;9782273015813;GFE J : transformation des matériaux, procédés (biologie, chimie, physique);K2402;Recherche en sciences de l'univers, de la matière et du vivant;https://candidat.francetravail.fr/metierscope/fiche-metier/K2402;lettres, langues, enseignement/enseignement;06/06/2020;01/12/2025
responsable du back office (service d'appui);https://www.onisep.fr/http/redirection/metier/slug/MET.758;Les métiers de la banque, de la finance et de l'assurance;Parcours;2022;9782273016094;GFE Q : commerce, gestion, finances;;;;banque, assurances, immobilier/finances;06/06/2020;09/06/2026
salesman (vendeur / vendeuse salle de marché);https://www.onisep.fr/http/redirection/metier/slug/MET.346;Les métiers de la banque, de la finance et de l'assurance;Parcours;2022;9782273016094;GFE Q : commerce, gestion, finances;C1301;Front office marchés financiers;https://candidat.francetravail.fr/metierscope/fiche-metier/C1301;banque, assurances, immobilier/finances;06/06/2020;19/06/2026
sertisseur / sertisseuse;https://www.onisep.fr/http/redirection/metier/slug/MET.1178;Les métiers de l'artisanat d'art;Parcours;2023;9782273016353;GFE V : arts, spectacle, audiovisuel;B16 | B1603;Métal, verre, bijouterie et horlogerie | Réalisation d'ouvrages en bijouterie, joaillerie et orfèvrerie;https://candidat.francetravail.fr/metierscope/fiche-metier/B16 | https://candidat.francetravail.fr/metierscope/fiche-metier/B1603;arts, culture, artisanat/artisanat d'art;06/06/2020;25/06/2026
souscripteur / souscriptrice;https://www.onisep.fr/http/redirection/metier/slug/MET.483;Les métiers de la banque, de la finance et de l'assurance;Parcours;2022;9782273016094;GFE Q : commerce, gestion, finances;C1110;Souscription d'assurances;https://candidat.francetravail.fr/metierscope/fiche-metier/C1110;banque, assurances, immobilier/assurances;06/06/2020;22/06/2026
surveillant / surveillante du Jardin du Luxembourg;https://www.onisep.fr/http/redirection/metier/slug/MET.7907;;pas de publication Onisep spécifique;;;GFE T : environnement, nettoyage, sécurité;;;;armée, sécurité/sécurité, prévention;13/02/2024;30/01/2025
